{
  "chapter_metadata": {
    "chapter_id": "03.English.29",
    "standard": "3",
    "subject": "English",
    "medium": "English",
    "chapter_name": "Young Scientist - 2"
  },
  "questions": [
    {
      "question_id": 1,
      "question_type": "MCQ",
      "question": "Who is the young scientist?",
      "options": [
        {
          "option_id": 1,
          "text": "A curious child",
          "is_correct": true
        },
        {
          "option_id": 2,
          "text": "A teacher",
          "is_correct": false
        },
        {
          "option_id": 3,
          "text": "A farmer",
          "is_correct": false
        },
        {
          "option_id": 4,
          "text": "A doctor",
          "is_correct": false
        }
      ],
      "answer": "A curious child"
    },
    {
      "question_id": 2,
      "question_type": "MCQ",
      "question": "What does the child like to do?",
      "options": [
        {
          "option_id": 1,
          "text": "Experiment",
          "is_correct": true
        },
        {
          "option_id": 2,
          "text": "Sleep",
          "is_correct": false
        },
        {
          "option_id": 3,
          "text": "Play only",
          "is_correct": false
        },
        {
          "option_id": 4,
          "text": "Shout",
          "is_correct": false
        }
      ],
      "answer": "Experiment"
    },
    {
      "question_id": 3,
      "question_type": "MCQ",
      "question": "What does the child observe?",
      "options": [
        {
          "option_id": 1,
          "text": "Things around",
          "is_correct": true
        },
        {
          "option_id": 2,
          "text": "Only books",
          "is_correct": false
        },
        {
          "option_id": 3,
          "text": "Only people",
          "is_correct": false
        },
        {
          "option_id": 4,
          "text": "Only games",
          "is_correct": false
        }
      ],
      "answer": "Things around"
    },
    {
      "question_id": 4,
      "question_type": "MCQ",
      "question": "Which quality is shown?",
      "options": [
        {
          "option_id": 1,
          "text": "Curiosity",
          "is_correct": true
        },
        {
          "option_id": 2,
          "text": "Anger",
          "is_correct": false
        },
        {
          "option_id": 3,
          "text": "Fear",
          "is_correct": false
        },
        {
          "option_id": 4,
          "text": "Pride",
          "is_correct": false
        }
      ],
      "answer": "Curiosity"
    },
    {
      "question_id": 5,
      "question_type": "MCQ",
      "question": "What does the lesson encourage?",
      "options": [
        {
          "option_id": 1,
          "text": "Trying and learning",
          "is_correct": true
        },
        {
          "option_id": 2,
          "text": "Being lazy",
          "is_correct": false
        },
        {
          "option_id": 3,
          "text": "Being afraid",
          "is_correct": false
        },
        {
          "option_id": 4,
          "text": "Arguing",
          "is_correct": false
        }
      ],
      "answer": "Trying and learning"
    },
    {
      "question_id": 6,
      "question_type": "MCQ",
      "question": "Who is the young scientist?",
      "options": [
        {
          "option_id": 1,
          "text": "A curious child",
          "is_correct": true
        },
        {
          "option_id": 2,
          "text": "A teacher",
          "is_correct": false
        },
        {
          "option_id": 3,
          "text": "A farmer",
          "is_correct": false
        },
        {
          "option_id": 4,
          "text": "A doctor",
          "is_correct": false
        }
      ],
      "answer": "A curious child"
    },
    {
      "question_id": 7,
      "question_type": "MCQ",
      "question": "What does the child like to do?",
      "options": [
        {
          "option_id": 1,
          "text": "Experiment",
          "is_correct": true
        },
        {
          "option_id": 2,
          "text": "Sleep",
          "is_correct": false
        },
        {
          "option_id": 3,
          "text": "Play only",
          "is_correct": false
        },
        {
          "option_id": 4,
          "text": "Shout",
          "is_correct": false
        }
      ],
      "answer": "Experiment"
    },
    {
      "question_id": 8,
      "question_type": "MCQ",
      "question": "What does the child observe?",
      "options": [
        {
          "option_id": 1,
          "text": "Things around",
          "is_correct": true
        },
        {
          "option_id": 2,
          "text": "Only books",
          "is_correct": false
        },
        {
          "option_id": 3,
          "text": "Only people",
          "is_correct": false
        },
        {
          "option_id": 4,
          "text": "Only games",
          "is_correct": false
        }
      ],
      "answer": "Things around"
    },
    {
      "question_id": 9,
      "question_type": "MCQ",
      "question": "Which quality is shown?",
      "options": [
        {
          "option_id": 1,
          "text": "Curiosity",
          "is_correct": true
        },
        {
          "option_id": 2,
          "text": "Anger",
          "is_correct": false
        },
        {
          "option_id": 3,
          "text": "Fear",
          "is_correct": false
        },
        {
          "option_id": 4,
          "text": "Pride",
          "is_correct": false
        }
      ],
      "answer": "Curiosity"
    },
    {
      "question_id": 10,
      "question_type": "MCQ",
      "question": "What does the lesson encourage?",
      "options": [
        {
          "option_id": 1,
          "text": "Trying and learning",
          "is_correct": true
        },
        {
          "option_id": 2,
          "text": "Being lazy",
          "is_correct": false
        },
        {
          "option_id": 3,
          "text": "Being afraid",
          "is_correct": false
        },
        {
          "option_id": 4,
          "text": "Arguing",
          "is_correct": false
        }
      ],
      "answer": "Trying and learning"
    },
    {
      "question_id": 11,
      "question_type": "MCQ",
      "question": "Who is the young scientist?",
      "options": [
        {
          "option_id": 1,
          "text": "A curious child",
          "is_correct": true
        },
        {
          "option_id": 2,
          "text": "A teacher",
          "is_correct": false
        },
        {
          "option_id": 3,
          "text": "A farmer",
          "is_correct": false
        },
        {
          "option_id": 4,
          "text": "A doctor",
          "is_correct": false
        }
      ],
      "answer": "A curious child"
    },
    {
      "question_id": 12,
      "question_type": "MCQ",
      "question": "What does the child like to do?",
      "options": [
        {
          "option_id": 1,
          "text": "Experiment",
          "is_correct": true
        },
        {
          "option_id": 2,
          "text": "Sleep",
          "is_correct": false
        },
        {
          "option_id": 3,
          "text": "Play only",
          "is_correct": false
        },
        {
          "option_id": 4,
          "text": "Shout",
          "is_correct": false
        }
      ],
      "answer": "Experiment"
    },
    {
      "question_id": 13,
      "question_type": "MCQ",
      "question": "What does the child observe?",
      "options": [
        {
          "option_id": 1,
          "text": "Things around",
          "is_correct": true
        },
        {
          "option_id": 2,
          "text": "Only books",
          "is_correct": false
        },
        {
          "option_id": 3,
          "text": "Only people",
          "is_correct": false
        },
        {
          "option_id": 4,
          "text": "Only games",
          "is_correct": false
        }
      ],
      "answer": "Things around"
    },
    {
      "question_id": 14,
      "question_type": "MCQ",
      "question": "Which quality is shown?",
      "options": [
        {
          "option_id": 1,
          "text": "Curiosity",
          "is_correct": true
        },
        {
          "option_id": 2,
          "text": "Anger",
          "is_correct": false
        },
        {
          "option_id": 3,
          "text": "Fear",
          "is_correct": false
        },
        {
          "option_id": 4,
          "text": "Pride",
          "is_correct": false
        }
      ],
      "answer": "Curiosity"
    },
    {
      "question_id": 15,
      "question_type": "MCQ",
      "question": "What does the lesson encourage?",
      "options": [
        {
          "option_id": 1,
          "text": "Trying and learning",
          "is_correct": true
        },
        {
          "option_id": 2,
          "text": "Being lazy",
          "is_correct": false
        },
        {
          "option_id": 3,
          "text": "Being afraid",
          "is_correct": false
        },
        {
          "option_id": 4,
          "text": "Arguing",
          "is_correct": false
        }
      ],
      "answer": "Trying and learning"
    },
    {
      "question_id": 16,
      "question_type": "SHORT",
      "question": "Who is the young scientist?",
      "answer": "A curious child who likes to learn."
    },
    {
      "question_id": 17,
      "question_type": "SHORT",
      "question": "What does the child like to do?",
      "answer": "He likes to experiment."
    },
    {
      "question_id": 18,
      "question_type": "SHORT",
      "question": "What does the child observe?",
      "answer": "Things around him."
    },
    {
      "question_id": 19,
      "question_type": "SHORT",
      "question": "Which quality is shown?",
      "answer": "Curiosity."
    },
    {
      "question_id": 20,
      "question_type": "SHORT",
      "question": "What does the lesson teach us?",
      "answer": "To try and learn."
    },
    {
      "question_id": 21,
      "question_type": "SHORT",
      "question": "Who is the young scientist?",
      "answer": "A curious child who likes to learn."
    },
    {
      "question_id": 22,
      "question_type": "SHORT",
      "question": "What does the child like to do?",
      "answer": "He likes to experiment."
    },
    {
      "question_id": 23,
      "question_type": "SHORT",
      "question": "What does the child observe?",
      "answer": "Things around him."
    },
    {
      "question_id": 24,
      "question_type": "SHORT",
      "question": "Which quality is shown?",
      "answer": "Curiosity."
    },
    {
      "question_id": 25,
      "question_type": "SHORT",
      "question": "What does the lesson teach us?",
      "answer": "To try and learn."
    },
    {
      "question_id": 26,
      "question_type": "SHORT",
      "question": "Who is the young scientist?",
      "answer": "A curious child who likes to learn."
    },
    {
      "question_id": 27,
      "question_type": "SHORT",
      "question": "What does the child like to do?",
      "answer": "He likes to experiment."
    },
    {
      "question_id": 28,
      "question_type": "SHORT",
      "question": "What does the child observe?",
      "answer": "Things around him."
    },
    {
      "question_id": 29,
      "question_type": "SHORT",
      "question": "Which quality is shown?",
      "answer": "Curiosity."
    },
    {
      "question_id": 30,
      "question_type": "SHORT",
      "question": "What does the lesson teach us?",
      "answer": "To try and learn."
    }
  ]
}