{
  "chapter_metadata": {
    "chapter_id": "03.English.12",
    "standard": "3",
    "subject": "English",
    "medium": "English",
    "chapter_name": "Doctor Dolittle Learns Animal Language"
  },
  "questions": [
    {
      "question_id": 1,
      "question_type": "MCQ",
      "question": "Who is Doctor Dolittle?",
      "options": [
        {
          "option_id": 1,
          "text": "A doctor who loves animals",
          "is_correct": true
        },
        {
          "option_id": 2,
          "text": "A teacher",
          "is_correct": false
        },
        {
          "option_id": 3,
          "text": "A farmer",
          "is_correct": false
        },
        {
          "option_id": 4,
          "text": "A sailor",
          "is_correct": false
        }
      ],
      "answer": "A doctor who loves animals"
    },
    {
      "question_id": 2,
      "question_type": "MCQ",
      "question": "What does he learn to speak?",
      "options": [
        {
          "option_id": 1,
          "text": "Animal language",
          "is_correct": true
        },
        {
          "option_id": 2,
          "text": "Foreign languages",
          "is_correct": false
        },
        {
          "option_id": 3,
          "text": "Music",
          "is_correct": false
        },
        {
          "option_id": 4,
          "text": "Poetry",
          "is_correct": false
        }
      ],
      "answer": "Animal language"
    },
    {
      "question_id": 3,
      "question_type": "MCQ",
      "question": "Who helps him learn animal language?",
      "options": [
        {
          "option_id": 1,
          "text": "Polynesia",
          "is_correct": true
        },
        {
          "option_id": 2,
          "text": "The king",
          "is_correct": false
        },
        {
          "option_id": 3,
          "text": "The children",
          "is_correct": false
        },
        {
          "option_id": 4,
          "text": "The guard",
          "is_correct": false
        }
      ],
      "answer": "Polynesia"
    },
    {
      "question_id": 4,
      "question_type": "MCQ",
      "question": "Why does he want to learn animal language?",
      "options": [
        {
          "option_id": 1,
          "text": "To understand animals",
          "is_correct": true
        },
        {
          "option_id": 2,
          "text": "To earn money",
          "is_correct": false
        },
        {
          "option_id": 3,
          "text": "To become famous",
          "is_correct": false
        },
        {
          "option_id": 4,
          "text": "To travel",
          "is_correct": false
        }
      ],
      "answer": "To understand animals"
    },
    {
      "question_id": 5,
      "question_type": "MCQ",
      "question": "What quality of Doctor Dolittle is shown?",
      "options": [
        {
          "option_id": 1,
          "text": "Kindness",
          "is_correct": true
        },
        {
          "option_id": 2,
          "text": "Anger",
          "is_correct": false
        },
        {
          "option_id": 3,
          "text": "Fear",
          "is_correct": false
        },
        {
          "option_id": 4,
          "text": "Pride",
          "is_correct": false
        }
      ],
      "answer": "Kindness"
    },
    {
      "question_id": 6,
      "question_type": "MCQ",
      "question": "Who is Doctor Dolittle?",
      "options": [
        {
          "option_id": 1,
          "text": "A doctor who loves animals",
          "is_correct": true
        },
        {
          "option_id": 2,
          "text": "A teacher",
          "is_correct": false
        },
        {
          "option_id": 3,
          "text": "A farmer",
          "is_correct": false
        },
        {
          "option_id": 4,
          "text": "A sailor",
          "is_correct": false
        }
      ],
      "answer": "A doctor who loves animals"
    },
    {
      "question_id": 7,
      "question_type": "MCQ",
      "question": "What does he learn to speak?",
      "options": [
        {
          "option_id": 1,
          "text": "Animal language",
          "is_correct": true
        },
        {
          "option_id": 2,
          "text": "Foreign languages",
          "is_correct": false
        },
        {
          "option_id": 3,
          "text": "Music",
          "is_correct": false
        },
        {
          "option_id": 4,
          "text": "Poetry",
          "is_correct": false
        }
      ],
      "answer": "Animal language"
    },
    {
      "question_id": 8,
      "question_type": "MCQ",
      "question": "Who helps him learn animal language?",
      "options": [
        {
          "option_id": 1,
          "text": "Polynesia",
          "is_correct": true
        },
        {
          "option_id": 2,
          "text": "The king",
          "is_correct": false
        },
        {
          "option_id": 3,
          "text": "The children",
          "is_correct": false
        },
        {
          "option_id": 4,
          "text": "The guard",
          "is_correct": false
        }
      ],
      "answer": "Polynesia"
    },
    {
      "question_id": 9,
      "question_type": "MCQ",
      "question": "Why does he want to learn animal language?",
      "options": [
        {
          "option_id": 1,
          "text": "To understand animals",
          "is_correct": true
        },
        {
          "option_id": 2,
          "text": "To earn money",
          "is_correct": false
        },
        {
          "option_id": 3,
          "text": "To become famous",
          "is_correct": false
        },
        {
          "option_id": 4,
          "text": "To travel",
          "is_correct": false
        }
      ],
      "answer": "To understand animals"
    },
    {
      "question_id": 10,
      "question_type": "MCQ",
      "question": "What quality of Doctor Dolittle is shown?",
      "options": [
        {
          "option_id": 1,
          "text": "Kindness",
          "is_correct": true
        },
        {
          "option_id": 2,
          "text": "Anger",
          "is_correct": false
        },
        {
          "option_id": 3,
          "text": "Fear",
          "is_correct": false
        },
        {
          "option_id": 4,
          "text": "Pride",
          "is_correct": false
        }
      ],
      "answer": "Kindness"
    },
    {
      "question_id": 11,
      "question_type": "MCQ",
      "question": "Who is Doctor Dolittle?",
      "options": [
        {
          "option_id": 1,
          "text": "A doctor who loves animals",
          "is_correct": true
        },
        {
          "option_id": 2,
          "text": "A teacher",
          "is_correct": false
        },
        {
          "option_id": 3,
          "text": "A farmer",
          "is_correct": false
        },
        {
          "option_id": 4,
          "text": "A sailor",
          "is_correct": false
        }
      ],
      "answer": "A doctor who loves animals"
    },
    {
      "question_id": 12,
      "question_type": "MCQ",
      "question": "What does he learn to speak?",
      "options": [
        {
          "option_id": 1,
          "text": "Animal language",
          "is_correct": true
        },
        {
          "option_id": 2,
          "text": "Foreign languages",
          "is_correct": false
        },
        {
          "option_id": 3,
          "text": "Music",
          "is_correct": false
        },
        {
          "option_id": 4,
          "text": "Poetry",
          "is_correct": false
        }
      ],
      "answer": "Animal language"
    },
    {
      "question_id": 13,
      "question_type": "MCQ",
      "question": "Who helps him learn animal language?",
      "options": [
        {
          "option_id": 1,
          "text": "Polynesia",
          "is_correct": true
        },
        {
          "option_id": 2,
          "text": "The king",
          "is_correct": false
        },
        {
          "option_id": 3,
          "text": "The children",
          "is_correct": false
        },
        {
          "option_id": 4,
          "text": "The guard",
          "is_correct": false
        }
      ],
      "answer": "Polynesia"
    },
    {
      "question_id": 14,
      "question_type": "MCQ",
      "question": "Why does he want to learn animal language?",
      "options": [
        {
          "option_id": 1,
          "text": "To understand animals",
          "is_correct": true
        },
        {
          "option_id": 2,
          "text": "To earn money",
          "is_correct": false
        },
        {
          "option_id": 3,
          "text": "To become famous",
          "is_correct": false
        },
        {
          "option_id": 4,
          "text": "To travel",
          "is_correct": false
        }
      ],
      "answer": "To understand animals"
    },
    {
      "question_id": 15,
      "question_type": "MCQ",
      "question": "What quality of Doctor Dolittle is shown?",
      "options": [
        {
          "option_id": 1,
          "text": "Kindness",
          "is_correct": true
        },
        {
          "option_id": 2,
          "text": "Anger",
          "is_correct": false
        },
        {
          "option_id": 3,
          "text": "Fear",
          "is_correct": false
        },
        {
          "option_id": 4,
          "text": "Pride",
          "is_correct": false
        }
      ],
      "answer": "Kindness"
    },
    {
      "question_id": 16,
      "question_type": "SHORT",
      "question": "Who is Doctor Dolittle?",
      "answer": "He is a doctor who loves animals."
    },
    {
      "question_id": 17,
      "question_type": "SHORT",
      "question": "What does he learn?",
      "answer": "He learns to speak animal language."
    },
    {
      "question_id": 18,
      "question_type": "SHORT",
      "question": "Who helps him learn?",
      "answer": "Polynesia helps him."
    },
    {
      "question_id": 19,
      "question_type": "SHORT",
      "question": "Why does he learn animal language?",
      "answer": "To understand and help animals."
    },
    {
      "question_id": 20,
      "question_type": "SHORT",
      "question": "What does the story teach us?",
      "answer": "To be kind to animals."
    },
    {
      "question_id": 21,
      "question_type": "SHORT",
      "question": "Who is Doctor Dolittle?",
      "answer": "He is a doctor who loves animals."
    },
    {
      "question_id": 22,
      "question_type": "SHORT",
      "question": "What does he learn?",
      "answer": "He learns to speak animal language."
    },
    {
      "question_id": 23,
      "question_type": "SHORT",
      "question": "Who helps him learn?",
      "answer": "Polynesia helps him."
    },
    {
      "question_id": 24,
      "question_type": "SHORT",
      "question": "Why does he learn animal language?",
      "answer": "To understand and help animals."
    },
    {
      "question_id": 25,
      "question_type": "SHORT",
      "question": "What does the story teach us?",
      "answer": "To be kind to animals."
    },
    {
      "question_id": 26,
      "question_type": "SHORT",
      "question": "Who is Doctor Dolittle?",
      "answer": "He is a doctor who loves animals."
    },
    {
      "question_id": 27,
      "question_type": "SHORT",
      "question": "What does he learn?",
      "answer": "He learns to speak animal language."
    },
    {
      "question_id": 28,
      "question_type": "SHORT",
      "question": "Who helps him learn?",
      "answer": "Polynesia helps him."
    },
    {
      "question_id": 29,
      "question_type": "SHORT",
      "question": "Why does he learn animal language?",
      "answer": "To understand and help animals."
    },
    {
      "question_id": 30,
      "question_type": "SHORT",
      "question": "What does the story teach us?",
      "answer": "To be kind to animals."
    }
  ]
}