{
  "chapter_metadata": {
    "chapter_id": "03.English.34",
    "standard": "3",
    "subject": "English",
    "medium": "English",
    "chapter_name": "At the Bottom of the Ocean"
  },
  "questions": [
    {
      "question_id": 1,
      "question_type": "MCQ",
      "question": "Where do many plants and animals live?",
      "options": [
        {
          "option_id": 1,
          "text": "In the sea",
          "is_correct": true
        },
        {
          "option_id": 2,
          "text": "In the desert",
          "is_correct": false
        },
        {
          "option_id": 3,
          "text": "In the sky",
          "is_correct": false
        },
        {
          "option_id": 4,
          "text": "On mountains",
          "is_correct": false
        }
      ],
      "answer": "In the sea"
    },
    {
      "question_id": 2,
      "question_type": "MCQ",
      "question": "Which is the largest animal in the sea?",
      "options": [
        {
          "option_id": 1,
          "text": "Blue whale",
          "is_correct": true
        },
        {
          "option_id": 2,
          "text": "Shark",
          "is_correct": false
        },
        {
          "option_id": 3,
          "text": "Octopus",
          "is_correct": false
        },
        {
          "option_id": 4,
          "text": "Dolphin",
          "is_correct": false
        }
      ],
      "answer": "Blue whale"
    },
    {
      "question_id": 3,
      "question_type": "MCQ",
      "question": "What is the bottom of the ocean called?",
      "options": [
        {
          "option_id": 1,
          "text": "Ocean floor",
          "is_correct": true
        },
        {
          "option_id": 2,
          "text": "Sea bed",
          "is_correct": false
        },
        {
          "option_id": 3,
          "text": "Water base",
          "is_correct": false
        },
        {
          "option_id": 4,
          "text": "Sand ground",
          "is_correct": false
        }
      ],
      "answer": "Ocean floor"
    },
    {
      "question_id": 4,
      "question_type": "MCQ",
      "question": "What is formed when a mountain rises above water?",
      "options": [
        {
          "option_id": 1,
          "text": "An island",
          "is_correct": true
        },
        {
          "option_id": 2,
          "text": "A river",
          "is_correct": false
        },
        {
          "option_id": 3,
          "text": "A lake",
          "is_correct": false
        },
        {
          "option_id": 4,
          "text": "A hill",
          "is_correct": false
        }
      ],
      "answer": "An island"
    },
    {
      "question_id": 5,
      "question_type": "MCQ",
      "question": "What is there deep down in the ocean?",
      "options": [
        {
          "option_id": 1,
          "text": "Darkness and quiet",
          "is_correct": true
        },
        {
          "option_id": 2,
          "text": "Noise",
          "is_correct": false
        },
        {
          "option_id": 3,
          "text": "Cities",
          "is_correct": false
        },
        {
          "option_id": 4,
          "text": "Houses",
          "is_correct": false
        }
      ],
      "answer": "Darkness and quiet"
    },
    {
      "question_id": 6,
      "question_type": "MCQ",
      "question": "Where do many plants and animals live?",
      "options": [
        {
          "option_id": 1,
          "text": "In the sea",
          "is_correct": true
        },
        {
          "option_id": 2,
          "text": "In the desert",
          "is_correct": false
        },
        {
          "option_id": 3,
          "text": "In the sky",
          "is_correct": false
        },
        {
          "option_id": 4,
          "text": "On mountains",
          "is_correct": false
        }
      ],
      "answer": "In the sea"
    },
    {
      "question_id": 7,
      "question_type": "MCQ",
      "question": "Which is the largest animal in the sea?",
      "options": [
        {
          "option_id": 1,
          "text": "Blue whale",
          "is_correct": true
        },
        {
          "option_id": 2,
          "text": "Shark",
          "is_correct": false
        },
        {
          "option_id": 3,
          "text": "Octopus",
          "is_correct": false
        },
        {
          "option_id": 4,
          "text": "Dolphin",
          "is_correct": false
        }
      ],
      "answer": "Blue whale"
    },
    {
      "question_id": 8,
      "question_type": "MCQ",
      "question": "What is the bottom of the ocean called?",
      "options": [
        {
          "option_id": 1,
          "text": "Ocean floor",
          "is_correct": true
        },
        {
          "option_id": 2,
          "text": "Sea bed",
          "is_correct": false
        },
        {
          "option_id": 3,
          "text": "Water base",
          "is_correct": false
        },
        {
          "option_id": 4,
          "text": "Sand ground",
          "is_correct": false
        }
      ],
      "answer": "Ocean floor"
    },
    {
      "question_id": 9,
      "question_type": "MCQ",
      "question": "What is formed when a mountain rises above water?",
      "options": [
        {
          "option_id": 1,
          "text": "An island",
          "is_correct": true
        },
        {
          "option_id": 2,
          "text": "A river",
          "is_correct": false
        },
        {
          "option_id": 3,
          "text": "A lake",
          "is_correct": false
        },
        {
          "option_id": 4,
          "text": "A hill",
          "is_correct": false
        }
      ],
      "answer": "An island"
    },
    {
      "question_id": 10,
      "question_type": "MCQ",
      "question": "What is there deep down in the ocean?",
      "options": [
        {
          "option_id": 1,
          "text": "Darkness and quiet",
          "is_correct": true
        },
        {
          "option_id": 2,
          "text": "Noise",
          "is_correct": false
        },
        {
          "option_id": 3,
          "text": "Cities",
          "is_correct": false
        },
        {
          "option_id": 4,
          "text": "Houses",
          "is_correct": false
        }
      ],
      "answer": "Darkness and quiet"
    },
    {
      "question_id": 11,
      "question_type": "MCQ",
      "question": "Where do many plants and animals live?",
      "options": [
        {
          "option_id": 1,
          "text": "In the sea",
          "is_correct": true
        },
        {
          "option_id": 2,
          "text": "In the desert",
          "is_correct": false
        },
        {
          "option_id": 3,
          "text": "In the sky",
          "is_correct": false
        },
        {
          "option_id": 4,
          "text": "On mountains",
          "is_correct": false
        }
      ],
      "answer": "In the sea"
    },
    {
      "question_id": 12,
      "question_type": "MCQ",
      "question": "Which is the largest animal in the sea?",
      "options": [
        {
          "option_id": 1,
          "text": "Blue whale",
          "is_correct": true
        },
        {
          "option_id": 2,
          "text": "Shark",
          "is_correct": false
        },
        {
          "option_id": 3,
          "text": "Octopus",
          "is_correct": false
        },
        {
          "option_id": 4,
          "text": "Dolphin",
          "is_correct": false
        }
      ],
      "answer": "Blue whale"
    },
    {
      "question_id": 13,
      "question_type": "MCQ",
      "question": "What is the bottom of the ocean called?",
      "options": [
        {
          "option_id": 1,
          "text": "Ocean floor",
          "is_correct": true
        },
        {
          "option_id": 2,
          "text": "Sea bed",
          "is_correct": false
        },
        {
          "option_id": 3,
          "text": "Water base",
          "is_correct": false
        },
        {
          "option_id": 4,
          "text": "Sand ground",
          "is_correct": false
        }
      ],
      "answer": "Ocean floor"
    },
    {
      "question_id": 14,
      "question_type": "MCQ",
      "question": "What is formed when a mountain rises above water?",
      "options": [
        {
          "option_id": 1,
          "text": "An island",
          "is_correct": true
        },
        {
          "option_id": 2,
          "text": "A river",
          "is_correct": false
        },
        {
          "option_id": 3,
          "text": "A lake",
          "is_correct": false
        },
        {
          "option_id": 4,
          "text": "A hill",
          "is_correct": false
        }
      ],
      "answer": "An island"
    },
    {
      "question_id": 15,
      "question_type": "MCQ",
      "question": "What is there deep down in the ocean?",
      "options": [
        {
          "option_id": 1,
          "text": "Darkness and quiet",
          "is_correct": true
        },
        {
          "option_id": 2,
          "text": "Noise",
          "is_correct": false
        },
        {
          "option_id": 3,
          "text": "Cities",
          "is_correct": false
        },
        {
          "option_id": 4,
          "text": "Houses",
          "is_correct": false
        }
      ],
      "answer": "Darkness and quiet"
    },
    {
      "question_id": 16,
      "question_type": "SHORT",
      "question": "Where do many plants and animals live?",
      "answer": "In the sea."
    },
    {
      "question_id": 17,
      "question_type": "SHORT",
      "question": "Which is the largest sea animal?",
      "answer": "The blue whale."
    },
    {
      "question_id": 18,
      "question_type": "SHORT",
      "question": "What is the bottom of the ocean called?",
      "answer": "The ocean floor."
    },
    {
      "question_id": 19,
      "question_type": "SHORT",
      "question": "What is formed when a mountain rises above water?",
      "answer": "An island is formed."
    },
    {
      "question_id": 20,
      "question_type": "SHORT",
      "question": "What is it like deep in the ocean?",
      "answer": "It is dark and quiet."
    },
    {
      "question_id": 21,
      "question_type": "SHORT",
      "question": "Where do many plants and animals live?",
      "answer": "In the sea."
    },
    {
      "question_id": 22,
      "question_type": "SHORT",
      "question": "Which is the largest sea animal?",
      "answer": "The blue whale."
    },
    {
      "question_id": 23,
      "question_type": "SHORT",
      "question": "What is the bottom of the ocean called?",
      "answer": "The ocean floor."
    },
    {
      "question_id": 24,
      "question_type": "SHORT",
      "question": "What is formed when a mountain rises above water?",
      "answer": "An island is formed."
    },
    {
      "question_id": 25,
      "question_type": "SHORT",
      "question": "What is it like deep in the ocean?",
      "answer": "It is dark and quiet."
    },
    {
      "question_id": 26,
      "question_type": "SHORT",
      "question": "Where do many plants and animals live?",
      "answer": "In the sea."
    },
    {
      "question_id": 27,
      "question_type": "SHORT",
      "question": "Which is the largest sea animal?",
      "answer": "The blue whale."
    },
    {
      "question_id": 28,
      "question_type": "SHORT",
      "question": "What is the bottom of the ocean called?",
      "answer": "The ocean floor."
    },
    {
      "question_id": 29,
      "question_type": "SHORT",
      "question": "What is formed when a mountain rises above water?",
      "answer": "An island is formed."
    },
    {
      "question_id": 30,
      "question_type": "SHORT",
      "question": "What is it like deep in the ocean?",
      "answer": "It is dark and quiet."
    }
  ]
}