{
  "chapter_metadata": {
    "chapter_id": "03.English.22",
    "standard": "3",
    "subject": "English",
    "medium": "English",
    "chapter_name": "A Team of Workers"
  },
  "questions": [
    {
      "question_id": 1,
      "question_type": "MCQ",
      "question": "Who says 'I work for all of us'?",
      "options": [
        {
          "option_id": 1,
          "text": "The belly",
          "is_correct": true
        },
        {
          "option_id": 2,
          "text": "The hands",
          "is_correct": false
        },
        {
          "option_id": 3,
          "text": "The eyes",
          "is_correct": false
        },
        {
          "option_id": 4,
          "text": "The feet",
          "is_correct": false
        }
      ],
      "answer": "The belly"
    },
    {
      "question_id": 2,
      "question_type": "MCQ",
      "question": "Why do the other parts refuse food?",
      "options": [
        {
          "option_id": 1,
          "text": "They think the belly is cheating",
          "is_correct": true
        },
        {
          "option_id": 2,
          "text": "They are not hungry",
          "is_correct": false
        },
        {
          "option_id": 3,
          "text": "They are angry",
          "is_correct": false
        },
        {
          "option_id": 4,
          "text": "They are tired",
          "is_correct": false
        }
      ],
      "answer": "They think the belly is cheating"
    },
    {
      "question_id": 3,
      "question_type": "MCQ",
      "question": "What happens after two days?",
      "options": [
        {
          "option_id": 1,
          "text": "Everyone feels weak",
          "is_correct": true
        },
        {
          "option_id": 2,
          "text": "Everyone is happy",
          "is_correct": false
        },
        {
          "option_id": 3,
          "text": "Everyone goes to sleep",
          "is_correct": false
        },
        {
          "option_id": 4,
          "text": "Nothing happens",
          "is_correct": false
        }
      ],
      "answer": "Everyone feels weak"
    },
    {
      "question_id": 4,
      "question_type": "MCQ",
      "question": "What do the body parts learn?",
      "options": [
        {
          "option_id": 1,
          "text": "Teamwork is important",
          "is_correct": true
        },
        {
          "option_id": 2,
          "text": "Fighting is good",
          "is_correct": false
        },
        {
          "option_id": 3,
          "text": "Rest is best",
          "is_correct": false
        },
        {
          "option_id": 4,
          "text": "Only work matters",
          "is_correct": false
        }
      ],
      "answer": "Teamwork is important"
    },
    {
      "question_id": 5,
      "question_type": "MCQ",
      "question": "What is the lesson of the story?",
      "options": [
        {
          "option_id": 1,
          "text": "We must work together",
          "is_correct": true
        },
        {
          "option_id": 2,
          "text": "We must be selfish",
          "is_correct": false
        },
        {
          "option_id": 3,
          "text": "We must stop working",
          "is_correct": false
        },
        {
          "option_id": 4,
          "text": "We must complain",
          "is_correct": false
        }
      ],
      "answer": "We must work together"
    },
    {
      "question_id": 6,
      "question_type": "MCQ",
      "question": "Who says 'I work for all of us'?",
      "options": [
        {
          "option_id": 1,
          "text": "The belly",
          "is_correct": true
        },
        {
          "option_id": 2,
          "text": "The hands",
          "is_correct": false
        },
        {
          "option_id": 3,
          "text": "The eyes",
          "is_correct": false
        },
        {
          "option_id": 4,
          "text": "The feet",
          "is_correct": false
        }
      ],
      "answer": "The belly"
    },
    {
      "question_id": 7,
      "question_type": "MCQ",
      "question": "Why do the other parts refuse food?",
      "options": [
        {
          "option_id": 1,
          "text": "They think the belly is cheating",
          "is_correct": true
        },
        {
          "option_id": 2,
          "text": "They are not hungry",
          "is_correct": false
        },
        {
          "option_id": 3,
          "text": "They are angry",
          "is_correct": false
        },
        {
          "option_id": 4,
          "text": "They are tired",
          "is_correct": false
        }
      ],
      "answer": "They think the belly is cheating"
    },
    {
      "question_id": 8,
      "question_type": "MCQ",
      "question": "What happens after two days?",
      "options": [
        {
          "option_id": 1,
          "text": "Everyone feels weak",
          "is_correct": true
        },
        {
          "option_id": 2,
          "text": "Everyone is happy",
          "is_correct": false
        },
        {
          "option_id": 3,
          "text": "Everyone goes to sleep",
          "is_correct": false
        },
        {
          "option_id": 4,
          "text": "Nothing happens",
          "is_correct": false
        }
      ],
      "answer": "Everyone feels weak"
    },
    {
      "question_id": 9,
      "question_type": "MCQ",
      "question": "What do the body parts learn?",
      "options": [
        {
          "option_id": 1,
          "text": "Teamwork is important",
          "is_correct": true
        },
        {
          "option_id": 2,
          "text": "Fighting is good",
          "is_correct": false
        },
        {
          "option_id": 3,
          "text": "Rest is best",
          "is_correct": false
        },
        {
          "option_id": 4,
          "text": "Only work matters",
          "is_correct": false
        }
      ],
      "answer": "Teamwork is important"
    },
    {
      "question_id": 10,
      "question_type": "MCQ",
      "question": "What is the lesson of the story?",
      "options": [
        {
          "option_id": 1,
          "text": "We must work together",
          "is_correct": true
        },
        {
          "option_id": 2,
          "text": "We must be selfish",
          "is_correct": false
        },
        {
          "option_id": 3,
          "text": "We must stop working",
          "is_correct": false
        },
        {
          "option_id": 4,
          "text": "We must complain",
          "is_correct": false
        }
      ],
      "answer": "We must work together"
    },
    {
      "question_id": 11,
      "question_type": "MCQ",
      "question": "Who says 'I work for all of us'?",
      "options": [
        {
          "option_id": 1,
          "text": "The belly",
          "is_correct": true
        },
        {
          "option_id": 2,
          "text": "The hands",
          "is_correct": false
        },
        {
          "option_id": 3,
          "text": "The eyes",
          "is_correct": false
        },
        {
          "option_id": 4,
          "text": "The feet",
          "is_correct": false
        }
      ],
      "answer": "The belly"
    },
    {
      "question_id": 12,
      "question_type": "MCQ",
      "question": "Why do the other parts refuse food?",
      "options": [
        {
          "option_id": 1,
          "text": "They think the belly is cheating",
          "is_correct": true
        },
        {
          "option_id": 2,
          "text": "They are not hungry",
          "is_correct": false
        },
        {
          "option_id": 3,
          "text": "They are angry",
          "is_correct": false
        },
        {
          "option_id": 4,
          "text": "They are tired",
          "is_correct": false
        }
      ],
      "answer": "They think the belly is cheating"
    },
    {
      "question_id": 13,
      "question_type": "MCQ",
      "question": "What happens after two days?",
      "options": [
        {
          "option_id": 1,
          "text": "Everyone feels weak",
          "is_correct": true
        },
        {
          "option_id": 2,
          "text": "Everyone is happy",
          "is_correct": false
        },
        {
          "option_id": 3,
          "text": "Everyone goes to sleep",
          "is_correct": false
        },
        {
          "option_id": 4,
          "text": "Nothing happens",
          "is_correct": false
        }
      ],
      "answer": "Everyone feels weak"
    },
    {
      "question_id": 14,
      "question_type": "MCQ",
      "question": "What do the body parts learn?",
      "options": [
        {
          "option_id": 1,
          "text": "Teamwork is important",
          "is_correct": true
        },
        {
          "option_id": 2,
          "text": "Fighting is good",
          "is_correct": false
        },
        {
          "option_id": 3,
          "text": "Rest is best",
          "is_correct": false
        },
        {
          "option_id": 4,
          "text": "Only work matters",
          "is_correct": false
        }
      ],
      "answer": "Teamwork is important"
    },
    {
      "question_id": 15,
      "question_type": "MCQ",
      "question": "What is the lesson of the story?",
      "options": [
        {
          "option_id": 1,
          "text": "We must work together",
          "is_correct": true
        },
        {
          "option_id": 2,
          "text": "We must be selfish",
          "is_correct": false
        },
        {
          "option_id": 3,
          "text": "We must stop working",
          "is_correct": false
        },
        {
          "option_id": 4,
          "text": "We must complain",
          "is_correct": false
        }
      ],
      "answer": "We must work together"
    },
    {
      "question_id": 16,
      "question_type": "SHORT",
      "question": "Who wanted food for everyone?",
      "answer": "The belly wanted food for everyone."
    },
    {
      "question_id": 17,
      "question_type": "SHORT",
      "question": "Why did others refuse to give food?",
      "answer": "They thought the belly was cheating."
    },
    {
      "question_id": 18,
      "question_type": "SHORT",
      "question": "What happened after some time?",
      "answer": "All parts of the body became weak."
    },
    {
      "question_id": 19,
      "question_type": "SHORT",
      "question": "What did they learn?",
      "answer": "They learned the importance of teamwork."
    },
    {
      "question_id": 20,
      "question_type": "SHORT",
      "question": "What does the story teach us?",
      "answer": "We should work together."
    },
    {
      "question_id": 21,
      "question_type": "SHORT",
      "question": "Who wanted food for everyone?",
      "answer": "The belly wanted food for everyone."
    },
    {
      "question_id": 22,
      "question_type": "SHORT",
      "question": "Why did others refuse to give food?",
      "answer": "They thought the belly was cheating."
    },
    {
      "question_id": 23,
      "question_type": "SHORT",
      "question": "What happened after some time?",
      "answer": "All parts of the body became weak."
    },
    {
      "question_id": 24,
      "question_type": "SHORT",
      "question": "What did they learn?",
      "answer": "They learned the importance of teamwork."
    },
    {
      "question_id": 25,
      "question_type": "SHORT",
      "question": "What does the story teach us?",
      "answer": "We should work together."
    },
    {
      "question_id": 26,
      "question_type": "SHORT",
      "question": "Who wanted food for everyone?",
      "answer": "The belly wanted food for everyone."
    },
    {
      "question_id": 27,
      "question_type": "SHORT",
      "question": "Why did others refuse to give food?",
      "answer": "They thought the belly was cheating."
    },
    {
      "question_id": 28,
      "question_type": "SHORT",
      "question": "What happened after some time?",
      "answer": "All parts of the body became weak."
    },
    {
      "question_id": 29,
      "question_type": "SHORT",
      "question": "What did they learn?",
      "answer": "They learned the importance of teamwork."
    },
    {
      "question_id": 30,
      "question_type": "SHORT",
      "question": "What does the story teach us?",
      "answer": "We should work together."
    }
  ]
}