{
  "chapter_metadata": {
    "chapter_id": "03.English.38",
    "standard": "3",
    "subject": "English",
    "medium": "English",
    "chapter_name": "The Magic Kettle"
  },
  "questions": [
    {
      "question_id": 1,
      "question_type": "MCQ",
      "question": "Who found the old kettle?",
      "options": [
        {
          "option_id": 1,
          "text": "An old man",
          "is_correct": true
        },
        {
          "option_id": 2,
          "text": "A king",
          "is_correct": false
        },
        {
          "option_id": 3,
          "text": "A farmer",
          "is_correct": false
        },
        {
          "option_id": 4,
          "text": "A child",
          "is_correct": false
        }
      ],
      "answer": "An old man"
    },
    {
      "question_id": 2,
      "question_type": "MCQ",
      "question": "Who did the old man give the kettle to?",
      "options": [
        {
          "option_id": 1,
          "text": "Jimmu",
          "is_correct": true
        },
        {
          "option_id": 2,
          "text": "A soldier",
          "is_correct": false
        },
        {
          "option_id": 3,
          "text": "A merchant",
          "is_correct": false
        },
        {
          "option_id": 4,
          "text": "A teacher",
          "is_correct": false
        }
      ],
      "answer": "Jimmu"
    },
    {
      "question_id": 3,
      "question_type": "MCQ",
      "question": "What did the kettle turn into at night?",
      "options": [
        {
          "option_id": 1,
          "text": "A tanuki",
          "is_correct": true
        },
        {
          "option_id": 2,
          "text": "A bird",
          "is_correct": false
        },
        {
          "option_id": 3,
          "text": "A cat",
          "is_correct": false
        },
        {
          "option_id": 4,
          "text": "A dog",
          "is_correct": false
        }
      ],
      "answer": "A tanuki"
    },
    {
      "question_id": 4,
      "question_type": "MCQ",
      "question": "What did the tanuki do?",
      "options": [
        {
          "option_id": 1,
          "text": "Ran around and jumped",
          "is_correct": true
        },
        {
          "option_id": 2,
          "text": "Slept",
          "is_correct": false
        },
        {
          "option_id": 3,
          "text": "Sang",
          "is_correct": false
        },
        {
          "option_id": 4,
          "text": "Flew",
          "is_correct": false
        }
      ],
      "answer": "Ran around and jumped"
    },
    {
      "question_id": 5,
      "question_type": "MCQ",
      "question": "What is the story about?",
      "options": [
        {
          "option_id": 1,
          "text": "Magic and kindness",
          "is_correct": true
        },
        {
          "option_id": 2,
          "text": "War",
          "is_correct": false
        },
        {
          "option_id": 3,
          "text": "Travel",
          "is_correct": false
        },
        {
          "option_id": 4,
          "text": "Hunger",
          "is_correct": false
        }
      ],
      "answer": "Magic and kindness"
    },
    {
      "question_id": 6,
      "question_type": "MCQ",
      "question": "Who found the old kettle?",
      "options": [
        {
          "option_id": 1,
          "text": "An old man",
          "is_correct": true
        },
        {
          "option_id": 2,
          "text": "A king",
          "is_correct": false
        },
        {
          "option_id": 3,
          "text": "A farmer",
          "is_correct": false
        },
        {
          "option_id": 4,
          "text": "A child",
          "is_correct": false
        }
      ],
      "answer": "An old man"
    },
    {
      "question_id": 7,
      "question_type": "MCQ",
      "question": "Who did the old man give the kettle to?",
      "options": [
        {
          "option_id": 1,
          "text": "Jimmu",
          "is_correct": true
        },
        {
          "option_id": 2,
          "text": "A soldier",
          "is_correct": false
        },
        {
          "option_id": 3,
          "text": "A merchant",
          "is_correct": false
        },
        {
          "option_id": 4,
          "text": "A teacher",
          "is_correct": false
        }
      ],
      "answer": "Jimmu"
    },
    {
      "question_id": 8,
      "question_type": "MCQ",
      "question": "What did the kettle turn into at night?",
      "options": [
        {
          "option_id": 1,
          "text": "A tanuki",
          "is_correct": true
        },
        {
          "option_id": 2,
          "text": "A bird",
          "is_correct": false
        },
        {
          "option_id": 3,
          "text": "A cat",
          "is_correct": false
        },
        {
          "option_id": 4,
          "text": "A dog",
          "is_correct": false
        }
      ],
      "answer": "A tanuki"
    },
    {
      "question_id": 9,
      "question_type": "MCQ",
      "question": "What did the tanuki do?",
      "options": [
        {
          "option_id": 1,
          "text": "Ran around and jumped",
          "is_correct": true
        },
        {
          "option_id": 2,
          "text": "Slept",
          "is_correct": false
        },
        {
          "option_id": 3,
          "text": "Sang",
          "is_correct": false
        },
        {
          "option_id": 4,
          "text": "Flew",
          "is_correct": false
        }
      ],
      "answer": "Ran around and jumped"
    },
    {
      "question_id": 10,
      "question_type": "MCQ",
      "question": "What is the story about?",
      "options": [
        {
          "option_id": 1,
          "text": "Magic and kindness",
          "is_correct": true
        },
        {
          "option_id": 2,
          "text": "War",
          "is_correct": false
        },
        {
          "option_id": 3,
          "text": "Travel",
          "is_correct": false
        },
        {
          "option_id": 4,
          "text": "Hunger",
          "is_correct": false
        }
      ],
      "answer": "Magic and kindness"
    },
    {
      "question_id": 11,
      "question_type": "MCQ",
      "question": "Who found the old kettle?",
      "options": [
        {
          "option_id": 1,
          "text": "An old man",
          "is_correct": true
        },
        {
          "option_id": 2,
          "text": "A king",
          "is_correct": false
        },
        {
          "option_id": 3,
          "text": "A farmer",
          "is_correct": false
        },
        {
          "option_id": 4,
          "text": "A child",
          "is_correct": false
        }
      ],
      "answer": "An old man"
    },
    {
      "question_id": 12,
      "question_type": "MCQ",
      "question": "Who did the old man give the kettle to?",
      "options": [
        {
          "option_id": 1,
          "text": "Jimmu",
          "is_correct": true
        },
        {
          "option_id": 2,
          "text": "A soldier",
          "is_correct": false
        },
        {
          "option_id": 3,
          "text": "A merchant",
          "is_correct": false
        },
        {
          "option_id": 4,
          "text": "A teacher",
          "is_correct": false
        }
      ],
      "answer": "Jimmu"
    },
    {
      "question_id": 13,
      "question_type": "MCQ",
      "question": "What did the kettle turn into at night?",
      "options": [
        {
          "option_id": 1,
          "text": "A tanuki",
          "is_correct": true
        },
        {
          "option_id": 2,
          "text": "A bird",
          "is_correct": false
        },
        {
          "option_id": 3,
          "text": "A cat",
          "is_correct": false
        },
        {
          "option_id": 4,
          "text": "A dog",
          "is_correct": false
        }
      ],
      "answer": "A tanuki"
    },
    {
      "question_id": 14,
      "question_type": "MCQ",
      "question": "What did the tanuki do?",
      "options": [
        {
          "option_id": 1,
          "text": "Ran around and jumped",
          "is_correct": true
        },
        {
          "option_id": 2,
          "text": "Slept",
          "is_correct": false
        },
        {
          "option_id": 3,
          "text": "Sang",
          "is_correct": false
        },
        {
          "option_id": 4,
          "text": "Flew",
          "is_correct": false
        }
      ],
      "answer": "Ran around and jumped"
    },
    {
      "question_id": 15,
      "question_type": "MCQ",
      "question": "What is the story about?",
      "options": [
        {
          "option_id": 1,
          "text": "Magic and kindness",
          "is_correct": true
        },
        {
          "option_id": 2,
          "text": "War",
          "is_correct": false
        },
        {
          "option_id": 3,
          "text": "Travel",
          "is_correct": false
        },
        {
          "option_id": 4,
          "text": "Hunger",
          "is_correct": false
        }
      ],
      "answer": "Magic and kindness"
    },
    {
      "question_id": 16,
      "question_type": "SHORT",
      "question": "Who found the kettle?",
      "answer": "An old man found the kettle."
    },
    {
      "question_id": 17,
      "question_type": "SHORT",
      "question": "Who did he give it to?",
      "answer": "He gave it to Jimmu."
    },
    {
      "question_id": 18,
      "question_type": "SHORT",
      "question": "What did the kettle turn into?",
      "answer": "It turned into a tanuki."
    },
    {
      "question_id": 19,
      "question_type": "SHORT",
      "question": "What did the tanuki do at night?",
      "answer": "It ran around and jumped."
    },
    {
      "question_id": 20,
      "question_type": "SHORT",
      "question": "What does the story teach us?",
      "answer": "To be kind and caring."
    },
    {
      "question_id": 21,
      "question_type": "SHORT",
      "question": "Who found the kettle?",
      "answer": "An old man found the kettle."
    },
    {
      "question_id": 22,
      "question_type": "SHORT",
      "question": "Who did he give it to?",
      "answer": "He gave it to Jimmu."
    },
    {
      "question_id": 23,
      "question_type": "SHORT",
      "question": "What did the kettle turn into?",
      "answer": "It turned into a tanuki."
    },
    {
      "question_id": 24,
      "question_type": "SHORT",
      "question": "What did the tanuki do at night?",
      "answer": "It ran around and jumped."
    },
    {
      "question_id": 25,
      "question_type": "SHORT",
      "question": "What does the story teach us?",
      "answer": "To be kind and caring."
    },
    {
      "question_id": 26,
      "question_type": "SHORT",
      "question": "Who found the kettle?",
      "answer": "An old man found the kettle."
    },
    {
      "question_id": 27,
      "question_type": "SHORT",
      "question": "Who did he give it to?",
      "answer": "He gave it to Jimmu."
    },
    {
      "question_id": 28,
      "question_type": "SHORT",
      "question": "What did the kettle turn into?",
      "answer": "It turned into a tanuki."
    },
    {
      "question_id": 29,
      "question_type": "SHORT",
      "question": "What did the tanuki do at night?",
      "answer": "It ran around and jumped."
    },
    {
      "question_id": 30,
      "question_type": "SHORT",
      "question": "What does the story teach us?",
      "answer": "To be kind and caring."
    }
  ]
}