{
  "chapter_metadata": {
    "chapter_id": "03.English.07",
    "standard": "3",
    "subject": "English",
    "medium": "English",
    "chapter_name": "Khashaba Jadhav"
  },
  "questions": [
    {
      "question_id": 1,
      "question_type": "MCQ",
      "question": "Who was Khashaba Jadhav?",
      "options": [
        {
          "option_id": 1,
          "text": "A wrestler",
          "is_correct": true
        },
        {
          "option_id": 2,
          "text": "A teacher",
          "is_correct": false
        },
        {
          "option_id": 3,
          "text": "A farmer",
          "is_correct": false
        },
        {
          "option_id": 4,
          "text": "A doctor",
          "is_correct": false
        }
      ],
      "answer": "A wrestler"
    },
    {
      "question_id": 2,
      "question_type": "MCQ",
      "question": "Which medal did he win for India?",
      "options": [
        {
          "option_id": 1,
          "text": "Bronze",
          "is_correct": true
        },
        {
          "option_id": 2,
          "text": "Gold",
          "is_correct": false
        },
        {
          "option_id": 3,
          "text": "Silver",
          "is_correct": false
        },
        {
          "option_id": 4,
          "text": "No medal",
          "is_correct": false
        }
      ],
      "answer": "Bronze"
    },
    {
      "question_id": 3,
      "question_type": "MCQ",
      "question": "In which sport did he take part?",
      "options": [
        {
          "option_id": 1,
          "text": "Wrestling",
          "is_correct": true
        },
        {
          "option_id": 2,
          "text": "Cricket",
          "is_correct": false
        },
        {
          "option_id": 3,
          "text": "Hockey",
          "is_correct": false
        },
        {
          "option_id": 4,
          "text": "Running",
          "is_correct": false
        }
      ],
      "answer": "Wrestling"
    },
    {
      "question_id": 4,
      "question_type": "MCQ",
      "question": "Which quality of Khashaba is shown?",
      "options": [
        {
          "option_id": 1,
          "text": "Hard work",
          "is_correct": true
        },
        {
          "option_id": 2,
          "text": "Laziness",
          "is_correct": false
        },
        {
          "option_id": 3,
          "text": "Fear",
          "is_correct": false
        },
        {
          "option_id": 4,
          "text": "Anger",
          "is_correct": false
        }
      ],
      "answer": "Hard work"
    },
    {
      "question_id": 5,
      "question_type": "MCQ",
      "question": "Why is he remembered?",
      "options": [
        {
          "option_id": 1,
          "text": "For winning a medal for India",
          "is_correct": true
        },
        {
          "option_id": 2,
          "text": "For teaching children",
          "is_correct": false
        },
        {
          "option_id": 3,
          "text": "For writing stories",
          "is_correct": false
        },
        {
          "option_id": 4,
          "text": "For farming",
          "is_correct": false
        }
      ],
      "answer": "For winning a medal for India"
    },
    {
      "question_id": 6,
      "question_type": "MCQ",
      "question": "Who was Khashaba Jadhav?",
      "options": [
        {
          "option_id": 1,
          "text": "A wrestler",
          "is_correct": true
        },
        {
          "option_id": 2,
          "text": "A teacher",
          "is_correct": false
        },
        {
          "option_id": 3,
          "text": "A farmer",
          "is_correct": false
        },
        {
          "option_id": 4,
          "text": "A doctor",
          "is_correct": false
        }
      ],
      "answer": "A wrestler"
    },
    {
      "question_id": 7,
      "question_type": "MCQ",
      "question": "Which medal did he win for India?",
      "options": [
        {
          "option_id": 1,
          "text": "Bronze",
          "is_correct": true
        },
        {
          "option_id": 2,
          "text": "Gold",
          "is_correct": false
        },
        {
          "option_id": 3,
          "text": "Silver",
          "is_correct": false
        },
        {
          "option_id": 4,
          "text": "No medal",
          "is_correct": false
        }
      ],
      "answer": "Bronze"
    },
    {
      "question_id": 8,
      "question_type": "MCQ",
      "question": "In which sport did he take part?",
      "options": [
        {
          "option_id": 1,
          "text": "Wrestling",
          "is_correct": true
        },
        {
          "option_id": 2,
          "text": "Cricket",
          "is_correct": false
        },
        {
          "option_id": 3,
          "text": "Hockey",
          "is_correct": false
        },
        {
          "option_id": 4,
          "text": "Running",
          "is_correct": false
        }
      ],
      "answer": "Wrestling"
    },
    {
      "question_id": 9,
      "question_type": "MCQ",
      "question": "Which quality of Khashaba is shown?",
      "options": [
        {
          "option_id": 1,
          "text": "Hard work",
          "is_correct": true
        },
        {
          "option_id": 2,
          "text": "Laziness",
          "is_correct": false
        },
        {
          "option_id": 3,
          "text": "Fear",
          "is_correct": false
        },
        {
          "option_id": 4,
          "text": "Anger",
          "is_correct": false
        }
      ],
      "answer": "Hard work"
    },
    {
      "question_id": 10,
      "question_type": "MCQ",
      "question": "Why is he remembered?",
      "options": [
        {
          "option_id": 1,
          "text": "For winning a medal for India",
          "is_correct": true
        },
        {
          "option_id": 2,
          "text": "For teaching children",
          "is_correct": false
        },
        {
          "option_id": 3,
          "text": "For writing stories",
          "is_correct": false
        },
        {
          "option_id": 4,
          "text": "For farming",
          "is_correct": false
        }
      ],
      "answer": "For winning a medal for India"
    },
    {
      "question_id": 11,
      "question_type": "MCQ",
      "question": "Who was Khashaba Jadhav?",
      "options": [
        {
          "option_id": 1,
          "text": "A wrestler",
          "is_correct": true
        },
        {
          "option_id": 2,
          "text": "A teacher",
          "is_correct": false
        },
        {
          "option_id": 3,
          "text": "A farmer",
          "is_correct": false
        },
        {
          "option_id": 4,
          "text": "A doctor",
          "is_correct": false
        }
      ],
      "answer": "A wrestler"
    },
    {
      "question_id": 12,
      "question_type": "MCQ",
      "question": "Which medal did he win for India?",
      "options": [
        {
          "option_id": 1,
          "text": "Bronze",
          "is_correct": true
        },
        {
          "option_id": 2,
          "text": "Gold",
          "is_correct": false
        },
        {
          "option_id": 3,
          "text": "Silver",
          "is_correct": false
        },
        {
          "option_id": 4,
          "text": "No medal",
          "is_correct": false
        }
      ],
      "answer": "Bronze"
    },
    {
      "question_id": 13,
      "question_type": "MCQ",
      "question": "In which sport did he take part?",
      "options": [
        {
          "option_id": 1,
          "text": "Wrestling",
          "is_correct": true
        },
        {
          "option_id": 2,
          "text": "Cricket",
          "is_correct": false
        },
        {
          "option_id": 3,
          "text": "Hockey",
          "is_correct": false
        },
        {
          "option_id": 4,
          "text": "Running",
          "is_correct": false
        }
      ],
      "answer": "Wrestling"
    },
    {
      "question_id": 14,
      "question_type": "MCQ",
      "question": "Which quality of Khashaba is shown?",
      "options": [
        {
          "option_id": 1,
          "text": "Hard work",
          "is_correct": true
        },
        {
          "option_id": 2,
          "text": "Laziness",
          "is_correct": false
        },
        {
          "option_id": 3,
          "text": "Fear",
          "is_correct": false
        },
        {
          "option_id": 4,
          "text": "Anger",
          "is_correct": false
        }
      ],
      "answer": "Hard work"
    },
    {
      "question_id": 15,
      "question_type": "MCQ",
      "question": "Why is he remembered?",
      "options": [
        {
          "option_id": 1,
          "text": "For winning a medal for India",
          "is_correct": true
        },
        {
          "option_id": 2,
          "text": "For teaching children",
          "is_correct": false
        },
        {
          "option_id": 3,
          "text": "For writing stories",
          "is_correct": false
        },
        {
          "option_id": 4,
          "text": "For farming",
          "is_correct": false
        }
      ],
      "answer": "For winning a medal for India"
    },
    {
      "question_id": 16,
      "question_type": "SHORT",
      "question": "Who was Khashaba Jadhav?",
      "answer": "He was a wrestler."
    },
    {
      "question_id": 17,
      "question_type": "SHORT",
      "question": "What did he win for India?",
      "answer": "He won a bronze medal."
    },
    {
      "question_id": 18,
      "question_type": "SHORT",
      "question": "In which sport did he participate?",
      "answer": "Wrestling."
    },
    {
      "question_id": 19,
      "question_type": "SHORT",
      "question": "What quality helped him succeed?",
      "answer": "Hard work and determination."
    },
    {
      "question_id": 20,
      "question_type": "SHORT",
      "question": "Why should we remember him?",
      "answer": "He made our country proud."
    },
    {
      "question_id": 21,
      "question_type": "SHORT",
      "question": "Who was Khashaba Jadhav?",
      "answer": "He was a wrestler."
    },
    {
      "question_id": 22,
      "question_type": "SHORT",
      "question": "What did he win for India?",
      "answer": "He won a bronze medal."
    },
    {
      "question_id": 23,
      "question_type": "SHORT",
      "question": "In which sport did he participate?",
      "answer": "Wrestling."
    },
    {
      "question_id": 24,
      "question_type": "SHORT",
      "question": "What quality helped him succeed?",
      "answer": "Hard work and determination."
    },
    {
      "question_id": 25,
      "question_type": "SHORT",
      "question": "Why should we remember him?",
      "answer": "He made our country proud."
    },
    {
      "question_id": 26,
      "question_type": "SHORT",
      "question": "Who was Khashaba Jadhav?",
      "answer": "He was a wrestler."
    },
    {
      "question_id": 27,
      "question_type": "SHORT",
      "question": "What did he win for India?",
      "answer": "He won a bronze medal."
    },
    {
      "question_id": 28,
      "question_type": "SHORT",
      "question": "In which sport did he participate?",
      "answer": "Wrestling."
    },
    {
      "question_id": 29,
      "question_type": "SHORT",
      "question": "What quality helped him succeed?",
      "answer": "Hard work and determination."
    },
    {
      "question_id": 30,
      "question_type": "SHORT",
      "question": "Why should we remember him?",
      "answer": "He made our country proud."
    }
  ]
}