{
  "chapter_metadata": {
    "chapter_id": "03.English.13",
    "standard": "3",
    "subject": "English",
    "medium": "English",
    "chapter_name": "Let's Wait....."
  },
  "questions": [
    {
      "question_id": 1,
      "question_type": "MCQ",
      "question": "What is the poem about?",
      "options": [
        {
          "option_id": 1,
          "text": "Waiting patiently",
          "is_correct": true
        },
        {
          "option_id": 2,
          "text": "Running fast",
          "is_correct": false
        },
        {
          "option_id": 3,
          "text": "Playing games",
          "is_correct": false
        },
        {
          "option_id": 4,
          "text": "Singing songs",
          "is_correct": false
        }
      ],
      "answer": "Waiting patiently"
    },
    {
      "question_id": 2,
      "question_type": "MCQ",
      "question": "What should we do instead of rushing?",
      "options": [
        {
          "option_id": 1,
          "text": "Wait",
          "is_correct": true
        },
        {
          "option_id": 2,
          "text": "Shout",
          "is_correct": false
        },
        {
          "option_id": 3,
          "text": "Push",
          "is_correct": false
        },
        {
          "option_id": 4,
          "text": "Fight",
          "is_correct": false
        }
      ],
      "answer": "Wait"
    },
    {
      "question_id": 3,
      "question_type": "MCQ",
      "question": "What happens when we wait calmly?",
      "options": [
        {
          "option_id": 1,
          "text": "Things become easier",
          "is_correct": true
        },
        {
          "option_id": 2,
          "text": "We get angry",
          "is_correct": false
        },
        {
          "option_id": 3,
          "text": "We fall",
          "is_correct": false
        },
        {
          "option_id": 4,
          "text": "We cry",
          "is_correct": false
        }
      ],
      "answer": "Things become easier"
    },
    {
      "question_id": 4,
      "question_type": "MCQ",
      "question": "Which quality does the poem teach?",
      "options": [
        {
          "option_id": 1,
          "text": "Patience",
          "is_correct": true
        },
        {
          "option_id": 2,
          "text": "Anger",
          "is_correct": false
        },
        {
          "option_id": 3,
          "text": "Fear",
          "is_correct": false
        },
        {
          "option_id": 4,
          "text": "Pride",
          "is_correct": false
        }
      ],
      "answer": "Patience"
    },
    {
      "question_id": 5,
      "question_type": "MCQ",
      "question": "When should we wait?",
      "options": [
        {
          "option_id": 1,
          "text": "In daily life situations",
          "is_correct": true
        },
        {
          "option_id": 2,
          "text": "Only at school",
          "is_correct": false
        },
        {
          "option_id": 3,
          "text": "Only at home",
          "is_correct": false
        },
        {
          "option_id": 4,
          "text": "Never",
          "is_correct": false
        }
      ],
      "answer": "In daily life situations"
    },
    {
      "question_id": 6,
      "question_type": "MCQ",
      "question": "What is the poem about?",
      "options": [
        {
          "option_id": 1,
          "text": "Waiting patiently",
          "is_correct": true
        },
        {
          "option_id": 2,
          "text": "Running fast",
          "is_correct": false
        },
        {
          "option_id": 3,
          "text": "Playing games",
          "is_correct": false
        },
        {
          "option_id": 4,
          "text": "Singing songs",
          "is_correct": false
        }
      ],
      "answer": "Waiting patiently"
    },
    {
      "question_id": 7,
      "question_type": "MCQ",
      "question": "What should we do instead of rushing?",
      "options": [
        {
          "option_id": 1,
          "text": "Wait",
          "is_correct": true
        },
        {
          "option_id": 2,
          "text": "Shout",
          "is_correct": false
        },
        {
          "option_id": 3,
          "text": "Push",
          "is_correct": false
        },
        {
          "option_id": 4,
          "text": "Fight",
          "is_correct": false
        }
      ],
      "answer": "Wait"
    },
    {
      "question_id": 8,
      "question_type": "MCQ",
      "question": "What happens when we wait calmly?",
      "options": [
        {
          "option_id": 1,
          "text": "Things become easier",
          "is_correct": true
        },
        {
          "option_id": 2,
          "text": "We get angry",
          "is_correct": false
        },
        {
          "option_id": 3,
          "text": "We fall",
          "is_correct": false
        },
        {
          "option_id": 4,
          "text": "We cry",
          "is_correct": false
        }
      ],
      "answer": "Things become easier"
    },
    {
      "question_id": 9,
      "question_type": "MCQ",
      "question": "Which quality does the poem teach?",
      "options": [
        {
          "option_id": 1,
          "text": "Patience",
          "is_correct": true
        },
        {
          "option_id": 2,
          "text": "Anger",
          "is_correct": false
        },
        {
          "option_id": 3,
          "text": "Fear",
          "is_correct": false
        },
        {
          "option_id": 4,
          "text": "Pride",
          "is_correct": false
        }
      ],
      "answer": "Patience"
    },
    {
      "question_id": 10,
      "question_type": "MCQ",
      "question": "When should we wait?",
      "options": [
        {
          "option_id": 1,
          "text": "In daily life situations",
          "is_correct": true
        },
        {
          "option_id": 2,
          "text": "Only at school",
          "is_correct": false
        },
        {
          "option_id": 3,
          "text": "Only at home",
          "is_correct": false
        },
        {
          "option_id": 4,
          "text": "Never",
          "is_correct": false
        }
      ],
      "answer": "In daily life situations"
    },
    {
      "question_id": 11,
      "question_type": "MCQ",
      "question": "What is the poem about?",
      "options": [
        {
          "option_id": 1,
          "text": "Waiting patiently",
          "is_correct": true
        },
        {
          "option_id": 2,
          "text": "Running fast",
          "is_correct": false
        },
        {
          "option_id": 3,
          "text": "Playing games",
          "is_correct": false
        },
        {
          "option_id": 4,
          "text": "Singing songs",
          "is_correct": false
        }
      ],
      "answer": "Waiting patiently"
    },
    {
      "question_id": 12,
      "question_type": "MCQ",
      "question": "What should we do instead of rushing?",
      "options": [
        {
          "option_id": 1,
          "text": "Wait",
          "is_correct": true
        },
        {
          "option_id": 2,
          "text": "Shout",
          "is_correct": false
        },
        {
          "option_id": 3,
          "text": "Push",
          "is_correct": false
        },
        {
          "option_id": 4,
          "text": "Fight",
          "is_correct": false
        }
      ],
      "answer": "Wait"
    },
    {
      "question_id": 13,
      "question_type": "MCQ",
      "question": "What happens when we wait calmly?",
      "options": [
        {
          "option_id": 1,
          "text": "Things become easier",
          "is_correct": true
        },
        {
          "option_id": 2,
          "text": "We get angry",
          "is_correct": false
        },
        {
          "option_id": 3,
          "text": "We fall",
          "is_correct": false
        },
        {
          "option_id": 4,
          "text": "We cry",
          "is_correct": false
        }
      ],
      "answer": "Things become easier"
    },
    {
      "question_id": 14,
      "question_type": "MCQ",
      "question": "Which quality does the poem teach?",
      "options": [
        {
          "option_id": 1,
          "text": "Patience",
          "is_correct": true
        },
        {
          "option_id": 2,
          "text": "Anger",
          "is_correct": false
        },
        {
          "option_id": 3,
          "text": "Fear",
          "is_correct": false
        },
        {
          "option_id": 4,
          "text": "Pride",
          "is_correct": false
        }
      ],
      "answer": "Patience"
    },
    {
      "question_id": 15,
      "question_type": "MCQ",
      "question": "When should we wait?",
      "options": [
        {
          "option_id": 1,
          "text": "In daily life situations",
          "is_correct": true
        },
        {
          "option_id": 2,
          "text": "Only at school",
          "is_correct": false
        },
        {
          "option_id": 3,
          "text": "Only at home",
          "is_correct": false
        },
        {
          "option_id": 4,
          "text": "Never",
          "is_correct": false
        }
      ],
      "answer": "In daily life situations"
    },
    {
      "question_id": 16,
      "question_type": "SHORT",
      "question": "What is the poem about?",
      "answer": "It is about waiting patiently."
    },
    {
      "question_id": 17,
      "question_type": "SHORT",
      "question": "What should we do instead of rushing?",
      "answer": "We should wait."
    },
    {
      "question_id": 18,
      "question_type": "SHORT",
      "question": "What quality does the poem teach?",
      "answer": "Patience."
    },
    {
      "question_id": 19,
      "question_type": "SHORT",
      "question": "Why is waiting important?",
      "answer": "It helps things happen smoothly."
    },
    {
      "question_id": 20,
      "question_type": "SHORT",
      "question": "Write one line in your own words about waiting.",
      "answer": "We should not hurry and should wait calmly."
    },
    {
      "question_id": 21,
      "question_type": "SHORT",
      "question": "What is the poem about?",
      "answer": "It is about waiting patiently."
    },
    {
      "question_id": 22,
      "question_type": "SHORT",
      "question": "What should we do instead of rushing?",
      "answer": "We should wait."
    },
    {
      "question_id": 23,
      "question_type": "SHORT",
      "question": "What quality does the poem teach?",
      "answer": "Patience."
    },
    {
      "question_id": 24,
      "question_type": "SHORT",
      "question": "Why is waiting important?",
      "answer": "It helps things happen smoothly."
    },
    {
      "question_id": 25,
      "question_type": "SHORT",
      "question": "Write one line in your own words about waiting.",
      "answer": "We should not hurry and should wait calmly."
    },
    {
      "question_id": 26,
      "question_type": "SHORT",
      "question": "What is the poem about?",
      "answer": "It is about waiting patiently."
    },
    {
      "question_id": 27,
      "question_type": "SHORT",
      "question": "What should we do instead of rushing?",
      "answer": "We should wait."
    },
    {
      "question_id": 28,
      "question_type": "SHORT",
      "question": "What quality does the poem teach?",
      "answer": "Patience."
    },
    {
      "question_id": 29,
      "question_type": "SHORT",
      "question": "Why is waiting important?",
      "answer": "It helps things happen smoothly."
    },
    {
      "question_id": 30,
      "question_type": "SHORT",
      "question": "Write one line in your own words about waiting.",
      "answer": "We should not hurry and should wait calmly."
    }
  ]
}