{
  "chapter_metadata": {
    "chapter_id": "03.English.33",
    "standard": "3",
    "subject": "English",
    "medium": "English",
    "chapter_name": "Washday"
  },
  "questions": [
    {
      "question_id": 1,
      "question_type": "MCQ",
      "question": "Who is called Mrs Ocean?",
      "options": [
        {
          "option_id": 1,
          "text": "The sea",
          "is_correct": true
        },
        {
          "option_id": 2,
          "text": "A woman",
          "is_correct": false
        },
        {
          "option_id": 3,
          "text": "A teacher",
          "is_correct": false
        },
        {
          "option_id": 4,
          "text": "A bird",
          "is_correct": false
        }
      ],
      "answer": "The sea"
    },
    {
      "question_id": 2,
      "question_type": "MCQ",
      "question": "What does Mrs Ocean do every day?",
      "options": [
        {
          "option_id": 1,
          "text": "Washing",
          "is_correct": true
        },
        {
          "option_id": 2,
          "text": "Cooking",
          "is_correct": false
        },
        {
          "option_id": 3,
          "text": "Singing",
          "is_correct": false
        },
        {
          "option_id": 4,
          "text": "Sleeping",
          "is_correct": false
        }
      ],
      "answer": "Washing"
    },
    {
      "question_id": 3,
      "question_type": "MCQ",
      "question": "What makes the water turn blue?",
      "options": [
        {
          "option_id": 1,
          "text": "Bluing",
          "is_correct": true
        },
        {
          "option_id": 2,
          "text": "Ink",
          "is_correct": false
        },
        {
          "option_id": 3,
          "text": "Paint",
          "is_correct": false
        },
        {
          "option_id": 4,
          "text": "Sky",
          "is_correct": false
        }
      ],
      "answer": "Bluing"
    },
    {
      "question_id": 4,
      "question_type": "MCQ",
      "question": "What looks like soap suds?",
      "options": [
        {
          "option_id": 1,
          "text": "Sea waves",
          "is_correct": true
        },
        {
          "option_id": 2,
          "text": "Clouds",
          "is_correct": false
        },
        {
          "option_id": 3,
          "text": "Rocks",
          "is_correct": false
        },
        {
          "option_id": 4,
          "text": "Sand",
          "is_correct": false
        }
      ],
      "answer": "Sea waves"
    },
    {
      "question_id": 5,
      "question_type": "MCQ",
      "question": "What is the poem about?",
      "options": [
        {
          "option_id": 1,
          "text": "Imagination",
          "is_correct": true
        },
        {
          "option_id": 2,
          "text": "Work",
          "is_correct": false
        },
        {
          "option_id": 3,
          "text": "Travel",
          "is_correct": false
        },
        {
          "option_id": 4,
          "text": "Games",
          "is_correct": false
        }
      ],
      "answer": "Imagination"
    },
    {
      "question_id": 6,
      "question_type": "MCQ",
      "question": "Who is called Mrs Ocean?",
      "options": [
        {
          "option_id": 1,
          "text": "The sea",
          "is_correct": true
        },
        {
          "option_id": 2,
          "text": "A woman",
          "is_correct": false
        },
        {
          "option_id": 3,
          "text": "A teacher",
          "is_correct": false
        },
        {
          "option_id": 4,
          "text": "A bird",
          "is_correct": false
        }
      ],
      "answer": "The sea"
    },
    {
      "question_id": 7,
      "question_type": "MCQ",
      "question": "What does Mrs Ocean do every day?",
      "options": [
        {
          "option_id": 1,
          "text": "Washing",
          "is_correct": true
        },
        {
          "option_id": 2,
          "text": "Cooking",
          "is_correct": false
        },
        {
          "option_id": 3,
          "text": "Singing",
          "is_correct": false
        },
        {
          "option_id": 4,
          "text": "Sleeping",
          "is_correct": false
        }
      ],
      "answer": "Washing"
    },
    {
      "question_id": 8,
      "question_type": "MCQ",
      "question": "What makes the water turn blue?",
      "options": [
        {
          "option_id": 1,
          "text": "Bluing",
          "is_correct": true
        },
        {
          "option_id": 2,
          "text": "Ink",
          "is_correct": false
        },
        {
          "option_id": 3,
          "text": "Paint",
          "is_correct": false
        },
        {
          "option_id": 4,
          "text": "Sky",
          "is_correct": false
        }
      ],
      "answer": "Bluing"
    },
    {
      "question_id": 9,
      "question_type": "MCQ",
      "question": "What looks like soap suds?",
      "options": [
        {
          "option_id": 1,
          "text": "Sea waves",
          "is_correct": true
        },
        {
          "option_id": 2,
          "text": "Clouds",
          "is_correct": false
        },
        {
          "option_id": 3,
          "text": "Rocks",
          "is_correct": false
        },
        {
          "option_id": 4,
          "text": "Sand",
          "is_correct": false
        }
      ],
      "answer": "Sea waves"
    },
    {
      "question_id": 10,
      "question_type": "MCQ",
      "question": "What is the poem about?",
      "options": [
        {
          "option_id": 1,
          "text": "Imagination",
          "is_correct": true
        },
        {
          "option_id": 2,
          "text": "Work",
          "is_correct": false
        },
        {
          "option_id": 3,
          "text": "Travel",
          "is_correct": false
        },
        {
          "option_id": 4,
          "text": "Games",
          "is_correct": false
        }
      ],
      "answer": "Imagination"
    },
    {
      "question_id": 11,
      "question_type": "MCQ",
      "question": "Who is called Mrs Ocean?",
      "options": [
        {
          "option_id": 1,
          "text": "The sea",
          "is_correct": true
        },
        {
          "option_id": 2,
          "text": "A woman",
          "is_correct": false
        },
        {
          "option_id": 3,
          "text": "A teacher",
          "is_correct": false
        },
        {
          "option_id": 4,
          "text": "A bird",
          "is_correct": false
        }
      ],
      "answer": "The sea"
    },
    {
      "question_id": 12,
      "question_type": "MCQ",
      "question": "What does Mrs Ocean do every day?",
      "options": [
        {
          "option_id": 1,
          "text": "Washing",
          "is_correct": true
        },
        {
          "option_id": 2,
          "text": "Cooking",
          "is_correct": false
        },
        {
          "option_id": 3,
          "text": "Singing",
          "is_correct": false
        },
        {
          "option_id": 4,
          "text": "Sleeping",
          "is_correct": false
        }
      ],
      "answer": "Washing"
    },
    {
      "question_id": 13,
      "question_type": "MCQ",
      "question": "What makes the water turn blue?",
      "options": [
        {
          "option_id": 1,
          "text": "Bluing",
          "is_correct": true
        },
        {
          "option_id": 2,
          "text": "Ink",
          "is_correct": false
        },
        {
          "option_id": 3,
          "text": "Paint",
          "is_correct": false
        },
        {
          "option_id": 4,
          "text": "Sky",
          "is_correct": false
        }
      ],
      "answer": "Bluing"
    },
    {
      "question_id": 14,
      "question_type": "MCQ",
      "question": "What looks like soap suds?",
      "options": [
        {
          "option_id": 1,
          "text": "Sea waves",
          "is_correct": true
        },
        {
          "option_id": 2,
          "text": "Clouds",
          "is_correct": false
        },
        {
          "option_id": 3,
          "text": "Rocks",
          "is_correct": false
        },
        {
          "option_id": 4,
          "text": "Sand",
          "is_correct": false
        }
      ],
      "answer": "Sea waves"
    },
    {
      "question_id": 15,
      "question_type": "MCQ",
      "question": "What is the poem about?",
      "options": [
        {
          "option_id": 1,
          "text": "Imagination",
          "is_correct": true
        },
        {
          "option_id": 2,
          "text": "Work",
          "is_correct": false
        },
        {
          "option_id": 3,
          "text": "Travel",
          "is_correct": false
        },
        {
          "option_id": 4,
          "text": "Games",
          "is_correct": false
        }
      ],
      "answer": "Imagination"
    },
    {
      "question_id": 16,
      "question_type": "SHORT",
      "question": "Who is called Mrs Ocean?",
      "answer": "The sea is called Mrs Ocean."
    },
    {
      "question_id": 17,
      "question_type": "SHORT",
      "question": "What does she do every day?",
      "answer": "She does washing every day."
    },
    {
      "question_id": 18,
      "question_type": "SHORT",
      "question": "What makes the water blue?",
      "answer": "Bluing makes the water blue."
    },
    {
      "question_id": 19,
      "question_type": "SHORT",
      "question": "What do the waves look like?",
      "answer": "They look like soap suds."
    },
    {
      "question_id": 20,
      "question_type": "SHORT",
      "question": "What does the poem show?",
      "answer": "The poet's imagination."
    },
    {
      "question_id": 21,
      "question_type": "SHORT",
      "question": "Who is called Mrs Ocean?",
      "answer": "The sea is called Mrs Ocean."
    },
    {
      "question_id": 22,
      "question_type": "SHORT",
      "question": "What does she do every day?",
      "answer": "She does washing every day."
    },
    {
      "question_id": 23,
      "question_type": "SHORT",
      "question": "What makes the water blue?",
      "answer": "Bluing makes the water blue."
    },
    {
      "question_id": 24,
      "question_type": "SHORT",
      "question": "What do the waves look like?",
      "answer": "They look like soap suds."
    },
    {
      "question_id": 25,
      "question_type": "SHORT",
      "question": "What does the poem show?",
      "answer": "The poet's imagination."
    },
    {
      "question_id": 26,
      "question_type": "SHORT",
      "question": "Who is called Mrs Ocean?",
      "answer": "The sea is called Mrs Ocean."
    },
    {
      "question_id": 27,
      "question_type": "SHORT",
      "question": "What does she do every day?",
      "answer": "She does washing every day."
    },
    {
      "question_id": 28,
      "question_type": "SHORT",
      "question": "What makes the water blue?",
      "answer": "Bluing makes the water blue."
    },
    {
      "question_id": 29,
      "question_type": "SHORT",
      "question": "What do the waves look like?",
      "answer": "They look like soap suds."
    },
    {
      "question_id": 30,
      "question_type": "SHORT",
      "question": "What does the poem show?",
      "answer": "The poet's imagination."
    }
  ]
}