{
  "chapter_metadata": {
    "chapter_id": "03.English.18",
    "standard": "3",
    "subject": "English",
    "medium": "English",
    "chapter_name": "Look Before You Leap!"
  },
  "questions": [
    {
      "question_id": 1,
      "question_type": "MCQ",
      "question": "Who are the main characters?",
      "options": [
        {
          "option_id": 1,
          "text": "Two frogs",
          "is_correct": true
        },
        {
          "option_id": 2,
          "text": "Two birds",
          "is_correct": false
        },
        {
          "option_id": 3,
          "text": "Two boys",
          "is_correct": false
        },
        {
          "option_id": 4,
          "text": "Two cats",
          "is_correct": false
        }
      ],
      "answer": "Two frogs"
    },
    {
      "question_id": 2,
      "question_type": "MCQ",
      "question": "Where do the frogs live at first?",
      "options": [
        {
          "option_id": 1,
          "text": "In a pond",
          "is_correct": true
        },
        {
          "option_id": 2,
          "text": "In a forest",
          "is_correct": false
        },
        {
          "option_id": 3,
          "text": "In a house",
          "is_correct": false
        },
        {
          "option_id": 4,
          "text": "In a desert",
          "is_correct": false
        }
      ],
      "answer": "In a pond"
    },
    {
      "question_id": 3,
      "question_type": "MCQ",
      "question": "What happens to the pond?",
      "options": [
        {
          "option_id": 1,
          "text": "It begins to dry",
          "is_correct": true
        },
        {
          "option_id": 2,
          "text": "It overflows",
          "is_correct": false
        },
        {
          "option_id": 3,
          "text": "It freezes",
          "is_correct": false
        },
        {
          "option_id": 4,
          "text": "It disappears",
          "is_correct": false
        }
      ],
      "answer": "It begins to dry"
    },
    {
      "question_id": 4,
      "question_type": "MCQ",
      "question": "What mistake does one frog make?",
      "options": [
        {
          "option_id": 1,
          "text": "Jumps without thinking",
          "is_correct": true
        },
        {
          "option_id": 2,
          "text": "Waits patiently",
          "is_correct": false
        },
        {
          "option_id": 3,
          "text": "Asks for help",
          "is_correct": false
        },
        {
          "option_id": 4,
          "text": "Goes home",
          "is_correct": false
        }
      ],
      "answer": "Jumps without thinking"
    },
    {
      "question_id": 5,
      "question_type": "MCQ",
      "question": "What is the lesson?",
      "options": [
        {
          "option_id": 1,
          "text": "Think before you act",
          "is_correct": true
        },
        {
          "option_id": 2,
          "text": "Be afraid",
          "is_correct": false
        },
        {
          "option_id": 3,
          "text": "Be lazy",
          "is_correct": false
        },
        {
          "option_id": 4,
          "text": "Do nothing",
          "is_correct": false
        }
      ],
      "answer": "Think before you act"
    },
    {
      "question_id": 6,
      "question_type": "MCQ",
      "question": "Who are the main characters?",
      "options": [
        {
          "option_id": 1,
          "text": "Two frogs",
          "is_correct": true
        },
        {
          "option_id": 2,
          "text": "Two birds",
          "is_correct": false
        },
        {
          "option_id": 3,
          "text": "Two boys",
          "is_correct": false
        },
        {
          "option_id": 4,
          "text": "Two cats",
          "is_correct": false
        }
      ],
      "answer": "Two frogs"
    },
    {
      "question_id": 7,
      "question_type": "MCQ",
      "question": "Where do the frogs live at first?",
      "options": [
        {
          "option_id": 1,
          "text": "In a pond",
          "is_correct": true
        },
        {
          "option_id": 2,
          "text": "In a forest",
          "is_correct": false
        },
        {
          "option_id": 3,
          "text": "In a house",
          "is_correct": false
        },
        {
          "option_id": 4,
          "text": "In a desert",
          "is_correct": false
        }
      ],
      "answer": "In a pond"
    },
    {
      "question_id": 8,
      "question_type": "MCQ",
      "question": "What happens to the pond?",
      "options": [
        {
          "option_id": 1,
          "text": "It begins to dry",
          "is_correct": true
        },
        {
          "option_id": 2,
          "text": "It overflows",
          "is_correct": false
        },
        {
          "option_id": 3,
          "text": "It freezes",
          "is_correct": false
        },
        {
          "option_id": 4,
          "text": "It disappears",
          "is_correct": false
        }
      ],
      "answer": "It begins to dry"
    },
    {
      "question_id": 9,
      "question_type": "MCQ",
      "question": "What mistake does one frog make?",
      "options": [
        {
          "option_id": 1,
          "text": "Jumps without thinking",
          "is_correct": true
        },
        {
          "option_id": 2,
          "text": "Waits patiently",
          "is_correct": false
        },
        {
          "option_id": 3,
          "text": "Asks for help",
          "is_correct": false
        },
        {
          "option_id": 4,
          "text": "Goes home",
          "is_correct": false
        }
      ],
      "answer": "Jumps without thinking"
    },
    {
      "question_id": 10,
      "question_type": "MCQ",
      "question": "What is the lesson?",
      "options": [
        {
          "option_id": 1,
          "text": "Think before you act",
          "is_correct": true
        },
        {
          "option_id": 2,
          "text": "Be afraid",
          "is_correct": false
        },
        {
          "option_id": 3,
          "text": "Be lazy",
          "is_correct": false
        },
        {
          "option_id": 4,
          "text": "Do nothing",
          "is_correct": false
        }
      ],
      "answer": "Think before you act"
    },
    {
      "question_id": 11,
      "question_type": "MCQ",
      "question": "Who are the main characters?",
      "options": [
        {
          "option_id": 1,
          "text": "Two frogs",
          "is_correct": true
        },
        {
          "option_id": 2,
          "text": "Two birds",
          "is_correct": false
        },
        {
          "option_id": 3,
          "text": "Two boys",
          "is_correct": false
        },
        {
          "option_id": 4,
          "text": "Two cats",
          "is_correct": false
        }
      ],
      "answer": "Two frogs"
    },
    {
      "question_id": 12,
      "question_type": "MCQ",
      "question": "Where do the frogs live at first?",
      "options": [
        {
          "option_id": 1,
          "text": "In a pond",
          "is_correct": true
        },
        {
          "option_id": 2,
          "text": "In a forest",
          "is_correct": false
        },
        {
          "option_id": 3,
          "text": "In a house",
          "is_correct": false
        },
        {
          "option_id": 4,
          "text": "In a desert",
          "is_correct": false
        }
      ],
      "answer": "In a pond"
    },
    {
      "question_id": 13,
      "question_type": "MCQ",
      "question": "What happens to the pond?",
      "options": [
        {
          "option_id": 1,
          "text": "It begins to dry",
          "is_correct": true
        },
        {
          "option_id": 2,
          "text": "It overflows",
          "is_correct": false
        },
        {
          "option_id": 3,
          "text": "It freezes",
          "is_correct": false
        },
        {
          "option_id": 4,
          "text": "It disappears",
          "is_correct": false
        }
      ],
      "answer": "It begins to dry"
    },
    {
      "question_id": 14,
      "question_type": "MCQ",
      "question": "What mistake does one frog make?",
      "options": [
        {
          "option_id": 1,
          "text": "Jumps without thinking",
          "is_correct": true
        },
        {
          "option_id": 2,
          "text": "Waits patiently",
          "is_correct": false
        },
        {
          "option_id": 3,
          "text": "Asks for help",
          "is_correct": false
        },
        {
          "option_id": 4,
          "text": "Goes home",
          "is_correct": false
        }
      ],
      "answer": "Jumps without thinking"
    },
    {
      "question_id": 15,
      "question_type": "MCQ",
      "question": "What is the lesson?",
      "options": [
        {
          "option_id": 1,
          "text": "Think before you act",
          "is_correct": true
        },
        {
          "option_id": 2,
          "text": "Be afraid",
          "is_correct": false
        },
        {
          "option_id": 3,
          "text": "Be lazy",
          "is_correct": false
        },
        {
          "option_id": 4,
          "text": "Do nothing",
          "is_correct": false
        }
      ],
      "answer": "Think before you act"
    },
    {
      "question_id": 16,
      "question_type": "SHORT",
      "question": "Who are the main characters?",
      "answer": "Two frogs."
    },
    {
      "question_id": 17,
      "question_type": "SHORT",
      "question": "Where did they live?",
      "answer": "They lived in a pond."
    },
    {
      "question_id": 18,
      "question_type": "SHORT",
      "question": "What happened to the pond?",
      "answer": "The pond began to dry."
    },
    {
      "question_id": 19,
      "question_type": "SHORT",
      "question": "What mistake did one frog make?",
      "answer": "It jumped without thinking."
    },
    {
      "question_id": 20,
      "question_type": "SHORT",
      "question": "What does the story teach us?",
      "answer": "To think before we act."
    },
    {
      "question_id": 21,
      "question_type": "SHORT",
      "question": "Who are the main characters?",
      "answer": "Two frogs."
    },
    {
      "question_id": 22,
      "question_type": "SHORT",
      "question": "Where did they live?",
      "answer": "They lived in a pond."
    },
    {
      "question_id": 23,
      "question_type": "SHORT",
      "question": "What happened to the pond?",
      "answer": "The pond began to dry."
    },
    {
      "question_id": 24,
      "question_type": "SHORT",
      "question": "What mistake did one frog make?",
      "answer": "It jumped without thinking."
    },
    {
      "question_id": 25,
      "question_type": "SHORT",
      "question": "What does the story teach us?",
      "answer": "To think before we act."
    },
    {
      "question_id": 26,
      "question_type": "SHORT",
      "question": "Who are the main characters?",
      "answer": "Two frogs."
    },
    {
      "question_id": 27,
      "question_type": "SHORT",
      "question": "Where did they live?",
      "answer": "They lived in a pond."
    },
    {
      "question_id": 28,
      "question_type": "SHORT",
      "question": "What happened to the pond?",
      "answer": "The pond began to dry."
    },
    {
      "question_id": 29,
      "question_type": "SHORT",
      "question": "What mistake did one frog make?",
      "answer": "It jumped without thinking."
    },
    {
      "question_id": 30,
      "question_type": "SHORT",
      "question": "What does the story teach us?",
      "answer": "To think before we act."
    }
  ]
}