{
  "chapter_metadata": {
    "chapter_id": "03.English.03",
    "standard": "3",
    "subject": "English",
    "medium": "English",
    "chapter_name": "Tenali Raman Draws a Picture"
  },
  "questions": [
    {
      "question_id": 1,
      "question_type": "MCQ",
      "question": "Who is the main character in the story?",
      "options": [
        {
          "option_id": 1,
          "text": "Tenali Raman",
          "is_correct": true
        },
        {
          "option_id": 2,
          "text": "The king",
          "is_correct": false
        },
        {
          "option_id": 3,
          "text": "The painter",
          "is_correct": false
        },
        {
          "option_id": 4,
          "text": "The guard",
          "is_correct": false
        }
      ],
      "answer": "Tenali Raman"
    },
    {
      "question_id": 2,
      "question_type": "MCQ",
      "question": "What was Tenali asked to draw?",
      "options": [
        {
          "option_id": 1,
          "text": "A horse",
          "is_correct": true
        },
        {
          "option_id": 2,
          "text": "A tree",
          "is_correct": false
        },
        {
          "option_id": 3,
          "text": "A house",
          "is_correct": false
        },
        {
          "option_id": 4,
          "text": "A river",
          "is_correct": false
        }
      ],
      "answer": "A horse"
    },
    {
      "question_id": 3,
      "question_type": "MCQ",
      "question": "What did Tenali draw first?",
      "options": [
        {
          "option_id": 1,
          "text": "The back of a horse",
          "is_correct": true
        },
        {
          "option_id": 2,
          "text": "The whole horse",
          "is_correct": false
        },
        {
          "option_id": 3,
          "text": "A man",
          "is_correct": false
        },
        {
          "option_id": 4,
          "text": "A palace",
          "is_correct": false
        }
      ],
      "answer": "The back of a horse"
    },
    {
      "question_id": 4,
      "question_type": "MCQ",
      "question": "Why did Tenali draw only part of the picture?",
      "options": [
        {
          "option_id": 1,
          "text": "To be clever",
          "is_correct": true
        },
        {
          "option_id": 2,
          "text": "Because he was tired",
          "is_correct": false
        },
        {
          "option_id": 3,
          "text": "Because he forgot",
          "is_correct": false
        },
        {
          "option_id": 4,
          "text": "Because he had no colours",
          "is_correct": false
        }
      ],
      "answer": "To be clever"
    },
    {
      "question_id": 5,
      "question_type": "MCQ",
      "question": "What quality of Tenali is shown?",
      "options": [
        {
          "option_id": 1,
          "text": "Intelligence",
          "is_correct": true
        },
        {
          "option_id": 2,
          "text": "Anger",
          "is_correct": false
        },
        {
          "option_id": 3,
          "text": "Fear",
          "is_correct": false
        },
        {
          "option_id": 4,
          "text": "Pride",
          "is_correct": false
        }
      ],
      "answer": "Intelligence"
    },
    {
      "question_id": 6,
      "question_type": "MCQ",
      "question": "Who is the main character in the story?",
      "options": [
        {
          "option_id": 1,
          "text": "Tenali Raman",
          "is_correct": true
        },
        {
          "option_id": 2,
          "text": "The king",
          "is_correct": false
        },
        {
          "option_id": 3,
          "text": "The painter",
          "is_correct": false
        },
        {
          "option_id": 4,
          "text": "The guard",
          "is_correct": false
        }
      ],
      "answer": "Tenali Raman"
    },
    {
      "question_id": 7,
      "question_type": "MCQ",
      "question": "What was Tenali asked to draw?",
      "options": [
        {
          "option_id": 1,
          "text": "A horse",
          "is_correct": true
        },
        {
          "option_id": 2,
          "text": "A tree",
          "is_correct": false
        },
        {
          "option_id": 3,
          "text": "A house",
          "is_correct": false
        },
        {
          "option_id": 4,
          "text": "A river",
          "is_correct": false
        }
      ],
      "answer": "A horse"
    },
    {
      "question_id": 8,
      "question_type": "MCQ",
      "question": "What did Tenali draw first?",
      "options": [
        {
          "option_id": 1,
          "text": "The back of a horse",
          "is_correct": true
        },
        {
          "option_id": 2,
          "text": "The whole horse",
          "is_correct": false
        },
        {
          "option_id": 3,
          "text": "A man",
          "is_correct": false
        },
        {
          "option_id": 4,
          "text": "A palace",
          "is_correct": false
        }
      ],
      "answer": "The back of a horse"
    },
    {
      "question_id": 9,
      "question_type": "MCQ",
      "question": "Why did Tenali draw only part of the picture?",
      "options": [
        {
          "option_id": 1,
          "text": "To be clever",
          "is_correct": true
        },
        {
          "option_id": 2,
          "text": "Because he was tired",
          "is_correct": false
        },
        {
          "option_id": 3,
          "text": "Because he forgot",
          "is_correct": false
        },
        {
          "option_id": 4,
          "text": "Because he had no colours",
          "is_correct": false
        }
      ],
      "answer": "To be clever"
    },
    {
      "question_id": 10,
      "question_type": "MCQ",
      "question": "What quality of Tenali is shown?",
      "options": [
        {
          "option_id": 1,
          "text": "Intelligence",
          "is_correct": true
        },
        {
          "option_id": 2,
          "text": "Anger",
          "is_correct": false
        },
        {
          "option_id": 3,
          "text": "Fear",
          "is_correct": false
        },
        {
          "option_id": 4,
          "text": "Pride",
          "is_correct": false
        }
      ],
      "answer": "Intelligence"
    },
    {
      "question_id": 11,
      "question_type": "MCQ",
      "question": "Who is the main character in the story?",
      "options": [
        {
          "option_id": 1,
          "text": "Tenali Raman",
          "is_correct": true
        },
        {
          "option_id": 2,
          "text": "The king",
          "is_correct": false
        },
        {
          "option_id": 3,
          "text": "The painter",
          "is_correct": false
        },
        {
          "option_id": 4,
          "text": "The guard",
          "is_correct": false
        }
      ],
      "answer": "Tenali Raman"
    },
    {
      "question_id": 12,
      "question_type": "MCQ",
      "question": "What was Tenali asked to draw?",
      "options": [
        {
          "option_id": 1,
          "text": "A horse",
          "is_correct": true
        },
        {
          "option_id": 2,
          "text": "A tree",
          "is_correct": false
        },
        {
          "option_id": 3,
          "text": "A house",
          "is_correct": false
        },
        {
          "option_id": 4,
          "text": "A river",
          "is_correct": false
        }
      ],
      "answer": "A horse"
    },
    {
      "question_id": 13,
      "question_type": "MCQ",
      "question": "What did Tenali draw first?",
      "options": [
        {
          "option_id": 1,
          "text": "The back of a horse",
          "is_correct": true
        },
        {
          "option_id": 2,
          "text": "The whole horse",
          "is_correct": false
        },
        {
          "option_id": 3,
          "text": "A man",
          "is_correct": false
        },
        {
          "option_id": 4,
          "text": "A palace",
          "is_correct": false
        }
      ],
      "answer": "The back of a horse"
    },
    {
      "question_id": 14,
      "question_type": "MCQ",
      "question": "Why did Tenali draw only part of the picture?",
      "options": [
        {
          "option_id": 1,
          "text": "To be clever",
          "is_correct": true
        },
        {
          "option_id": 2,
          "text": "Because he was tired",
          "is_correct": false
        },
        {
          "option_id": 3,
          "text": "Because he forgot",
          "is_correct": false
        },
        {
          "option_id": 4,
          "text": "Because he had no colours",
          "is_correct": false
        }
      ],
      "answer": "To be clever"
    },
    {
      "question_id": 15,
      "question_type": "MCQ",
      "question": "What quality of Tenali is shown?",
      "options": [
        {
          "option_id": 1,
          "text": "Intelligence",
          "is_correct": true
        },
        {
          "option_id": 2,
          "text": "Anger",
          "is_correct": false
        },
        {
          "option_id": 3,
          "text": "Fear",
          "is_correct": false
        },
        {
          "option_id": 4,
          "text": "Pride",
          "is_correct": false
        }
      ],
      "answer": "Intelligence"
    },
    {
      "question_id": 16,
      "question_type": "SHORT",
      "question": "Who is Tenali Raman?",
      "answer": "Tenali Raman is a wise and clever man."
    },
    {
      "question_id": 17,
      "question_type": "SHORT",
      "question": "What was Tenali asked to draw?",
      "answer": "He was asked to draw a horse."
    },
    {
      "question_id": 18,
      "question_type": "SHORT",
      "question": "What part did Tenali draw first?",
      "answer": "He drew the back of a horse."
    },
    {
      "question_id": 19,
      "question_type": "SHORT",
      "question": "Why did Tenali draw only a part?",
      "answer": "He did it cleverly to solve the problem."
    },
    {
      "question_id": 20,
      "question_type": "SHORT",
      "question": "What lesson does the story teach?",
      "answer": "It teaches us to be intelligent."
    },
    {
      "question_id": 21,
      "question_type": "SHORT",
      "question": "Who is Tenali Raman?",
      "answer": "Tenali Raman is a wise and clever man."
    },
    {
      "question_id": 22,
      "question_type": "SHORT",
      "question": "What was Tenali asked to draw?",
      "answer": "He was asked to draw a horse."
    },
    {
      "question_id": 23,
      "question_type": "SHORT",
      "question": "What part did Tenali draw first?",
      "answer": "He drew the back of a horse."
    },
    {
      "question_id": 24,
      "question_type": "SHORT",
      "question": "Why did Tenali draw only a part?",
      "answer": "He did it cleverly to solve the problem."
    },
    {
      "question_id": 25,
      "question_type": "SHORT",
      "question": "What lesson does the story teach?",
      "answer": "It teaches us to be intelligent."
    },
    {
      "question_id": 26,
      "question_type": "SHORT",
      "question": "Who is Tenali Raman?",
      "answer": "Tenali Raman is a wise and clever man."
    },
    {
      "question_id": 27,
      "question_type": "SHORT",
      "question": "What was Tenali asked to draw?",
      "answer": "He was asked to draw a horse."
    },
    {
      "question_id": 28,
      "question_type": "SHORT",
      "question": "What part did Tenali draw first?",
      "answer": "He drew the back of a horse."
    },
    {
      "question_id": 29,
      "question_type": "SHORT",
      "question": "Why did Tenali draw only a part?",
      "answer": "He did it cleverly to solve the problem."
    },
    {
      "question_id": 30,
      "question_type": "SHORT",
      "question": "What lesson does the story teach?",
      "answer": "It teaches us to be intelligent."
    }
  ]
}