{
  "chapter_metadata": {
    "chapter_id": "03.English.24",
    "standard": "3",
    "subject": "English",
    "medium": "English",
    "chapter_name": "At the Market"
  },
  "questions": [
    {
      "question_id": 1,
      "question_type": "MCQ",
      "question": "Where are the people in the lesson?",
      "options": [
        {
          "option_id": 1,
          "text": "At the market",
          "is_correct": true
        },
        {
          "option_id": 2,
          "text": "At school",
          "is_correct": false
        },
        {
          "option_id": 3,
          "text": "At home",
          "is_correct": false
        },
        {
          "option_id": 4,
          "text": "At the park",
          "is_correct": false
        }
      ],
      "answer": "At the market"
    },
    {
      "question_id": 2,
      "question_type": "MCQ",
      "question": "What do people do in the market?",
      "options": [
        {
          "option_id": 1,
          "text": "Buy and sell",
          "is_correct": true
        },
        {
          "option_id": 2,
          "text": "Play games",
          "is_correct": false
        },
        {
          "option_id": 3,
          "text": "Read books",
          "is_correct": false
        },
        {
          "option_id": 4,
          "text": "Sleep",
          "is_correct": false
        }
      ],
      "answer": "Buy and sell"
    },
    {
      "question_id": 3,
      "question_type": "MCQ",
      "question": "What can you buy at the market?",
      "options": [
        {
          "option_id": 1,
          "text": "Vegetables",
          "is_correct": true
        },
        {
          "option_id": 2,
          "text": "Cars",
          "is_correct": false
        },
        {
          "option_id": 3,
          "text": "Houses",
          "is_correct": false
        },
        {
          "option_id": 4,
          "text": "Trees",
          "is_correct": false
        }
      ],
      "answer": "Vegetables"
    },
    {
      "question_id": 4,
      "question_type": "MCQ",
      "question": "Who sells goods at the market?",
      "options": [
        {
          "option_id": 1,
          "text": "Shopkeepers",
          "is_correct": true
        },
        {
          "option_id": 2,
          "text": "Teachers",
          "is_correct": false
        },
        {
          "option_id": 3,
          "text": "Doctors",
          "is_correct": false
        },
        {
          "option_id": 4,
          "text": "Students",
          "is_correct": false
        }
      ],
      "answer": "Shopkeepers"
    },
    {
      "question_id": 5,
      "question_type": "MCQ",
      "question": "What do buyers do?",
      "options": [
        {
          "option_id": 1,
          "text": "Choose and pay",
          "is_correct": true
        },
        {
          "option_id": 2,
          "text": "Sing",
          "is_correct": false
        },
        {
          "option_id": 3,
          "text": "Dance",
          "is_correct": false
        },
        {
          "option_id": 4,
          "text": "Sleep",
          "is_correct": false
        }
      ],
      "answer": "Choose and pay"
    },
    {
      "question_id": 6,
      "question_type": "MCQ",
      "question": "Where are the people in the lesson?",
      "options": [
        {
          "option_id": 1,
          "text": "At the market",
          "is_correct": true
        },
        {
          "option_id": 2,
          "text": "At school",
          "is_correct": false
        },
        {
          "option_id": 3,
          "text": "At home",
          "is_correct": false
        },
        {
          "option_id": 4,
          "text": "At the park",
          "is_correct": false
        }
      ],
      "answer": "At the market"
    },
    {
      "question_id": 7,
      "question_type": "MCQ",
      "question": "What do people do in the market?",
      "options": [
        {
          "option_id": 1,
          "text": "Buy and sell",
          "is_correct": true
        },
        {
          "option_id": 2,
          "text": "Play games",
          "is_correct": false
        },
        {
          "option_id": 3,
          "text": "Read books",
          "is_correct": false
        },
        {
          "option_id": 4,
          "text": "Sleep",
          "is_correct": false
        }
      ],
      "answer": "Buy and sell"
    },
    {
      "question_id": 8,
      "question_type": "MCQ",
      "question": "What can you buy at the market?",
      "options": [
        {
          "option_id": 1,
          "text": "Vegetables",
          "is_correct": true
        },
        {
          "option_id": 2,
          "text": "Cars",
          "is_correct": false
        },
        {
          "option_id": 3,
          "text": "Houses",
          "is_correct": false
        },
        {
          "option_id": 4,
          "text": "Trees",
          "is_correct": false
        }
      ],
      "answer": "Vegetables"
    },
    {
      "question_id": 9,
      "question_type": "MCQ",
      "question": "Who sells goods at the market?",
      "options": [
        {
          "option_id": 1,
          "text": "Shopkeepers",
          "is_correct": true
        },
        {
          "option_id": 2,
          "text": "Teachers",
          "is_correct": false
        },
        {
          "option_id": 3,
          "text": "Doctors",
          "is_correct": false
        },
        {
          "option_id": 4,
          "text": "Students",
          "is_correct": false
        }
      ],
      "answer": "Shopkeepers"
    },
    {
      "question_id": 10,
      "question_type": "MCQ",
      "question": "What do buyers do?",
      "options": [
        {
          "option_id": 1,
          "text": "Choose and pay",
          "is_correct": true
        },
        {
          "option_id": 2,
          "text": "Sing",
          "is_correct": false
        },
        {
          "option_id": 3,
          "text": "Dance",
          "is_correct": false
        },
        {
          "option_id": 4,
          "text": "Sleep",
          "is_correct": false
        }
      ],
      "answer": "Choose and pay"
    },
    {
      "question_id": 11,
      "question_type": "MCQ",
      "question": "Where are the people in the lesson?",
      "options": [
        {
          "option_id": 1,
          "text": "At the market",
          "is_correct": true
        },
        {
          "option_id": 2,
          "text": "At school",
          "is_correct": false
        },
        {
          "option_id": 3,
          "text": "At home",
          "is_correct": false
        },
        {
          "option_id": 4,
          "text": "At the park",
          "is_correct": false
        }
      ],
      "answer": "At the market"
    },
    {
      "question_id": 12,
      "question_type": "MCQ",
      "question": "What do people do in the market?",
      "options": [
        {
          "option_id": 1,
          "text": "Buy and sell",
          "is_correct": true
        },
        {
          "option_id": 2,
          "text": "Play games",
          "is_correct": false
        },
        {
          "option_id": 3,
          "text": "Read books",
          "is_correct": false
        },
        {
          "option_id": 4,
          "text": "Sleep",
          "is_correct": false
        }
      ],
      "answer": "Buy and sell"
    },
    {
      "question_id": 13,
      "question_type": "MCQ",
      "question": "What can you buy at the market?",
      "options": [
        {
          "option_id": 1,
          "text": "Vegetables",
          "is_correct": true
        },
        {
          "option_id": 2,
          "text": "Cars",
          "is_correct": false
        },
        {
          "option_id": 3,
          "text": "Houses",
          "is_correct": false
        },
        {
          "option_id": 4,
          "text": "Trees",
          "is_correct": false
        }
      ],
      "answer": "Vegetables"
    },
    {
      "question_id": 14,
      "question_type": "MCQ",
      "question": "Who sells goods at the market?",
      "options": [
        {
          "option_id": 1,
          "text": "Shopkeepers",
          "is_correct": true
        },
        {
          "option_id": 2,
          "text": "Teachers",
          "is_correct": false
        },
        {
          "option_id": 3,
          "text": "Doctors",
          "is_correct": false
        },
        {
          "option_id": 4,
          "text": "Students",
          "is_correct": false
        }
      ],
      "answer": "Shopkeepers"
    },
    {
      "question_id": 15,
      "question_type": "MCQ",
      "question": "What do buyers do?",
      "options": [
        {
          "option_id": 1,
          "text": "Choose and pay",
          "is_correct": true
        },
        {
          "option_id": 2,
          "text": "Sing",
          "is_correct": false
        },
        {
          "option_id": 3,
          "text": "Dance",
          "is_correct": false
        },
        {
          "option_id": 4,
          "text": "Sleep",
          "is_correct": false
        }
      ],
      "answer": "Choose and pay"
    },
    {
      "question_id": 16,
      "question_type": "SHORT",
      "question": "Where does the lesson take place?",
      "answer": "At the market."
    },
    {
      "question_id": 17,
      "question_type": "SHORT",
      "question": "What do people do there?",
      "answer": "They buy and sell goods."
    },
    {
      "question_id": 18,
      "question_type": "SHORT",
      "question": "Name one thing you can buy.",
      "answer": "Vegetables."
    },
    {
      "question_id": 19,
      "question_type": "SHORT",
      "question": "Who sells goods?",
      "answer": "Shopkeepers sell goods."
    },
    {
      "question_id": 20,
      "question_type": "SHORT",
      "question": "Why is the market important?",
      "answer": "It helps us get things we need."
    },
    {
      "question_id": 21,
      "question_type": "SHORT",
      "question": "Where does the lesson take place?",
      "answer": "At the market."
    },
    {
      "question_id": 22,
      "question_type": "SHORT",
      "question": "What do people do there?",
      "answer": "They buy and sell goods."
    },
    {
      "question_id": 23,
      "question_type": "SHORT",
      "question": "Name one thing you can buy.",
      "answer": "Vegetables."
    },
    {
      "question_id": 24,
      "question_type": "SHORT",
      "question": "Who sells goods?",
      "answer": "Shopkeepers sell goods."
    },
    {
      "question_id": 25,
      "question_type": "SHORT",
      "question": "Why is the market important?",
      "answer": "It helps us get things we need."
    },
    {
      "question_id": 26,
      "question_type": "SHORT",
      "question": "Where does the lesson take place?",
      "answer": "At the market."
    },
    {
      "question_id": 27,
      "question_type": "SHORT",
      "question": "What do people do there?",
      "answer": "They buy and sell goods."
    },
    {
      "question_id": 28,
      "question_type": "SHORT",
      "question": "Name one thing you can buy.",
      "answer": "Vegetables."
    },
    {
      "question_id": 29,
      "question_type": "SHORT",
      "question": "Who sells goods?",
      "answer": "Shopkeepers sell goods."
    },
    {
      "question_id": 30,
      "question_type": "SHORT",
      "question": "Why is the market important?",
      "answer": "It helps us get things we need."
    }
  ]
}