{
  "chapter_metadata": {
    "chapter_id": "03.English.08",
    "standard": "3",
    "subject": "English",
    "medium": "English",
    "chapter_name": "A Honey Bee Speaks"
  },
  "questions": [
    {
      "question_id": 1,
      "question_type": "MCQ",
      "question": "Who is speaking in the poem?",
      "options": [
        {
          "option_id": 1,
          "text": "A honey bee",
          "is_correct": true
        },
        {
          "option_id": 2,
          "text": "A bird",
          "is_correct": false
        },
        {
          "option_id": 3,
          "text": "A child",
          "is_correct": false
        },
        {
          "option_id": 4,
          "text": "A flower",
          "is_correct": false
        }
      ],
      "answer": "A honey bee"
    },
    {
      "question_id": 2,
      "question_type": "MCQ",
      "question": "What does the bee collect?",
      "options": [
        {
          "option_id": 1,
          "text": "Nectar",
          "is_correct": true
        },
        {
          "option_id": 2,
          "text": "Water",
          "is_correct": false
        },
        {
          "option_id": 3,
          "text": "Leaves",
          "is_correct": false
        },
        {
          "option_id": 4,
          "text": "Sand",
          "is_correct": false
        }
      ],
      "answer": "Nectar"
    },
    {
      "question_id": 3,
      "question_type": "MCQ",
      "question": "What does the bee make from nectar?",
      "options": [
        {
          "option_id": 1,
          "text": "Honey",
          "is_correct": true
        },
        {
          "option_id": 2,
          "text": "Milk",
          "is_correct": false
        },
        {
          "option_id": 3,
          "text": "Oil",
          "is_correct": false
        },
        {
          "option_id": 4,
          "text": "Juice",
          "is_correct": false
        }
      ],
      "answer": "Honey"
    },
    {
      "question_id": 4,
      "question_type": "MCQ",
      "question": "Where does the bee live?",
      "options": [
        {
          "option_id": 1,
          "text": "In a hive",
          "is_correct": true
        },
        {
          "option_id": 2,
          "text": "In a nest",
          "is_correct": false
        },
        {
          "option_id": 3,
          "text": "In a cave",
          "is_correct": false
        },
        {
          "option_id": 4,
          "text": "In a house",
          "is_correct": false
        }
      ],
      "answer": "In a hive"
    },
    {
      "question_id": 5,
      "question_type": "MCQ",
      "question": "What quality of the bee is shown?",
      "options": [
        {
          "option_id": 1,
          "text": "Hard work",
          "is_correct": true
        },
        {
          "option_id": 2,
          "text": "Anger",
          "is_correct": false
        },
        {
          "option_id": 3,
          "text": "Pride",
          "is_correct": false
        },
        {
          "option_id": 4,
          "text": "Fear",
          "is_correct": false
        }
      ],
      "answer": "Hard work"
    },
    {
      "question_id": 6,
      "question_type": "MCQ",
      "question": "Who is speaking in the poem?",
      "options": [
        {
          "option_id": 1,
          "text": "A honey bee",
          "is_correct": true
        },
        {
          "option_id": 2,
          "text": "A bird",
          "is_correct": false
        },
        {
          "option_id": 3,
          "text": "A child",
          "is_correct": false
        },
        {
          "option_id": 4,
          "text": "A flower",
          "is_correct": false
        }
      ],
      "answer": "A honey bee"
    },
    {
      "question_id": 7,
      "question_type": "MCQ",
      "question": "What does the bee collect?",
      "options": [
        {
          "option_id": 1,
          "text": "Nectar",
          "is_correct": true
        },
        {
          "option_id": 2,
          "text": "Water",
          "is_correct": false
        },
        {
          "option_id": 3,
          "text": "Leaves",
          "is_correct": false
        },
        {
          "option_id": 4,
          "text": "Sand",
          "is_correct": false
        }
      ],
      "answer": "Nectar"
    },
    {
      "question_id": 8,
      "question_type": "MCQ",
      "question": "What does the bee make from nectar?",
      "options": [
        {
          "option_id": 1,
          "text": "Honey",
          "is_correct": true
        },
        {
          "option_id": 2,
          "text": "Milk",
          "is_correct": false
        },
        {
          "option_id": 3,
          "text": "Oil",
          "is_correct": false
        },
        {
          "option_id": 4,
          "text": "Juice",
          "is_correct": false
        }
      ],
      "answer": "Honey"
    },
    {
      "question_id": 9,
      "question_type": "MCQ",
      "question": "Where does the bee live?",
      "options": [
        {
          "option_id": 1,
          "text": "In a hive",
          "is_correct": true
        },
        {
          "option_id": 2,
          "text": "In a nest",
          "is_correct": false
        },
        {
          "option_id": 3,
          "text": "In a cave",
          "is_correct": false
        },
        {
          "option_id": 4,
          "text": "In a house",
          "is_correct": false
        }
      ],
      "answer": "In a hive"
    },
    {
      "question_id": 10,
      "question_type": "MCQ",
      "question": "What quality of the bee is shown?",
      "options": [
        {
          "option_id": 1,
          "text": "Hard work",
          "is_correct": true
        },
        {
          "option_id": 2,
          "text": "Anger",
          "is_correct": false
        },
        {
          "option_id": 3,
          "text": "Pride",
          "is_correct": false
        },
        {
          "option_id": 4,
          "text": "Fear",
          "is_correct": false
        }
      ],
      "answer": "Hard work"
    },
    {
      "question_id": 11,
      "question_type": "MCQ",
      "question": "Who is speaking in the poem?",
      "options": [
        {
          "option_id": 1,
          "text": "A honey bee",
          "is_correct": true
        },
        {
          "option_id": 2,
          "text": "A bird",
          "is_correct": false
        },
        {
          "option_id": 3,
          "text": "A child",
          "is_correct": false
        },
        {
          "option_id": 4,
          "text": "A flower",
          "is_correct": false
        }
      ],
      "answer": "A honey bee"
    },
    {
      "question_id": 12,
      "question_type": "MCQ",
      "question": "What does the bee collect?",
      "options": [
        {
          "option_id": 1,
          "text": "Nectar",
          "is_correct": true
        },
        {
          "option_id": 2,
          "text": "Water",
          "is_correct": false
        },
        {
          "option_id": 3,
          "text": "Leaves",
          "is_correct": false
        },
        {
          "option_id": 4,
          "text": "Sand",
          "is_correct": false
        }
      ],
      "answer": "Nectar"
    },
    {
      "question_id": 13,
      "question_type": "MCQ",
      "question": "What does the bee make from nectar?",
      "options": [
        {
          "option_id": 1,
          "text": "Honey",
          "is_correct": true
        },
        {
          "option_id": 2,
          "text": "Milk",
          "is_correct": false
        },
        {
          "option_id": 3,
          "text": "Oil",
          "is_correct": false
        },
        {
          "option_id": 4,
          "text": "Juice",
          "is_correct": false
        }
      ],
      "answer": "Honey"
    },
    {
      "question_id": 14,
      "question_type": "MCQ",
      "question": "Where does the bee live?",
      "options": [
        {
          "option_id": 1,
          "text": "In a hive",
          "is_correct": true
        },
        {
          "option_id": 2,
          "text": "In a nest",
          "is_correct": false
        },
        {
          "option_id": 3,
          "text": "In a cave",
          "is_correct": false
        },
        {
          "option_id": 4,
          "text": "In a house",
          "is_correct": false
        }
      ],
      "answer": "In a hive"
    },
    {
      "question_id": 15,
      "question_type": "MCQ",
      "question": "What quality of the bee is shown?",
      "options": [
        {
          "option_id": 1,
          "text": "Hard work",
          "is_correct": true
        },
        {
          "option_id": 2,
          "text": "Anger",
          "is_correct": false
        },
        {
          "option_id": 3,
          "text": "Pride",
          "is_correct": false
        },
        {
          "option_id": 4,
          "text": "Fear",
          "is_correct": false
        }
      ],
      "answer": "Hard work"
    },
    {
      "question_id": 16,
      "question_type": "SHORT",
      "question": "Who speaks in the poem?",
      "answer": "A honey bee speaks in the poem."
    },
    {
      "question_id": 17,
      "question_type": "SHORT",
      "question": "What does the bee collect?",
      "answer": "The bee collects nectar."
    },
    {
      "question_id": 18,
      "question_type": "SHORT",
      "question": "What does the bee make?",
      "answer": "The bee makes honey."
    },
    {
      "question_id": 19,
      "question_type": "SHORT",
      "question": "Where does the bee live?",
      "answer": "In a hive."
    },
    {
      "question_id": 20,
      "question_type": "SHORT",
      "question": "What does the poem teach us?",
      "answer": "It teaches us to be hardworking."
    },
    {
      "question_id": 21,
      "question_type": "SHORT",
      "question": "Who speaks in the poem?",
      "answer": "A honey bee speaks in the poem."
    },
    {
      "question_id": 22,
      "question_type": "SHORT",
      "question": "What does the bee collect?",
      "answer": "The bee collects nectar."
    },
    {
      "question_id": 23,
      "question_type": "SHORT",
      "question": "What does the bee make?",
      "answer": "The bee makes honey."
    },
    {
      "question_id": 24,
      "question_type": "SHORT",
      "question": "Where does the bee live?",
      "answer": "In a hive."
    },
    {
      "question_id": 25,
      "question_type": "SHORT",
      "question": "What does the poem teach us?",
      "answer": "It teaches us to be hardworking."
    },
    {
      "question_id": 26,
      "question_type": "SHORT",
      "question": "Who speaks in the poem?",
      "answer": "A honey bee speaks in the poem."
    },
    {
      "question_id": 27,
      "question_type": "SHORT",
      "question": "What does the bee collect?",
      "answer": "The bee collects nectar."
    },
    {
      "question_id": 28,
      "question_type": "SHORT",
      "question": "What does the bee make?",
      "answer": "The bee makes honey."
    },
    {
      "question_id": 29,
      "question_type": "SHORT",
      "question": "Where does the bee live?",
      "answer": "In a hive."
    },
    {
      "question_id": 30,
      "question_type": "SHORT",
      "question": "What does the poem teach us?",
      "answer": "It teaches us to be hardworking."
    }
  ]
}