{
  "chapter_metadata": {
    "chapter_id": "03.English.26",
    "standard": "3",
    "subject": "English",
    "medium": "English",
    "chapter_name": "A School Teacher’s Thoughts"
  },
  "questions": [
    {
      "question_id": 1,
      "question_type": "MCQ",
      "question": "Who is speaking in the lesson?",
      "options": [
        {
          "option_id": 1,
          "text": "A school teacher",
          "is_correct": true
        },
        {
          "option_id": 2,
          "text": "A student",
          "is_correct": false
        },
        {
          "option_id": 3,
          "text": "A parent",
          "is_correct": false
        },
        {
          "option_id": 4,
          "text": "A doctor",
          "is_correct": false
        }
      ],
      "answer": "A school teacher"
    },
    {
      "question_id": 2,
      "question_type": "MCQ",
      "question": "What does the teacher care about?",
      "options": [
        {
          "option_id": 1,
          "text": "Students",
          "is_correct": true
        },
        {
          "option_id": 2,
          "text": "Money",
          "is_correct": false
        },
        {
          "option_id": 3,
          "text": "Games",
          "is_correct": false
        },
        {
          "option_id": 4,
          "text": "Travel",
          "is_correct": false
        }
      ],
      "answer": "Students"
    },
    {
      "question_id": 3,
      "question_type": "MCQ",
      "question": "What does the teacher want students to become?",
      "options": [
        {
          "option_id": 1,
          "text": "Good human beings",
          "is_correct": true
        },
        {
          "option_id": 2,
          "text": "Rich people",
          "is_correct": false
        },
        {
          "option_id": 3,
          "text": "Famous actors",
          "is_correct": false
        },
        {
          "option_id": 4,
          "text": "Soldiers",
          "is_correct": false
        }
      ],
      "answer": "Good human beings"
    },
    {
      "question_id": 4,
      "question_type": "MCQ",
      "question": "Which quality is highlighted?",
      "options": [
        {
          "option_id": 1,
          "text": "Responsibility",
          "is_correct": true
        },
        {
          "option_id": 2,
          "text": "Anger",
          "is_correct": false
        },
        {
          "option_id": 3,
          "text": "Fear",
          "is_correct": false
        },
        {
          "option_id": 4,
          "text": "Pride",
          "is_correct": false
        }
      ],
      "answer": "Responsibility"
    },
    {
      "question_id": 5,
      "question_type": "MCQ",
      "question": "What does the lesson teach?",
      "options": [
        {
          "option_id": 1,
          "text": "Value of teaching",
          "is_correct": true
        },
        {
          "option_id": 2,
          "text": "Value of money",
          "is_correct": false
        },
        {
          "option_id": 3,
          "text": "Value of speed",
          "is_correct": false
        },
        {
          "option_id": 4,
          "text": "Value of power",
          "is_correct": false
        }
      ],
      "answer": "Value of teaching"
    },
    {
      "question_id": 6,
      "question_type": "MCQ",
      "question": "Who is speaking in the lesson?",
      "options": [
        {
          "option_id": 1,
          "text": "A school teacher",
          "is_correct": true
        },
        {
          "option_id": 2,
          "text": "A student",
          "is_correct": false
        },
        {
          "option_id": 3,
          "text": "A parent",
          "is_correct": false
        },
        {
          "option_id": 4,
          "text": "A doctor",
          "is_correct": false
        }
      ],
      "answer": "A school teacher"
    },
    {
      "question_id": 7,
      "question_type": "MCQ",
      "question": "What does the teacher care about?",
      "options": [
        {
          "option_id": 1,
          "text": "Students",
          "is_correct": true
        },
        {
          "option_id": 2,
          "text": "Money",
          "is_correct": false
        },
        {
          "option_id": 3,
          "text": "Games",
          "is_correct": false
        },
        {
          "option_id": 4,
          "text": "Travel",
          "is_correct": false
        }
      ],
      "answer": "Students"
    },
    {
      "question_id": 8,
      "question_type": "MCQ",
      "question": "What does the teacher want students to become?",
      "options": [
        {
          "option_id": 1,
          "text": "Good human beings",
          "is_correct": true
        },
        {
          "option_id": 2,
          "text": "Rich people",
          "is_correct": false
        },
        {
          "option_id": 3,
          "text": "Famous actors",
          "is_correct": false
        },
        {
          "option_id": 4,
          "text": "Soldiers",
          "is_correct": false
        }
      ],
      "answer": "Good human beings"
    },
    {
      "question_id": 9,
      "question_type": "MCQ",
      "question": "Which quality is highlighted?",
      "options": [
        {
          "option_id": 1,
          "text": "Responsibility",
          "is_correct": true
        },
        {
          "option_id": 2,
          "text": "Anger",
          "is_correct": false
        },
        {
          "option_id": 3,
          "text": "Fear",
          "is_correct": false
        },
        {
          "option_id": 4,
          "text": "Pride",
          "is_correct": false
        }
      ],
      "answer": "Responsibility"
    },
    {
      "question_id": 10,
      "question_type": "MCQ",
      "question": "What does the lesson teach?",
      "options": [
        {
          "option_id": 1,
          "text": "Value of teaching",
          "is_correct": true
        },
        {
          "option_id": 2,
          "text": "Value of money",
          "is_correct": false
        },
        {
          "option_id": 3,
          "text": "Value of speed",
          "is_correct": false
        },
        {
          "option_id": 4,
          "text": "Value of power",
          "is_correct": false
        }
      ],
      "answer": "Value of teaching"
    },
    {
      "question_id": 11,
      "question_type": "MCQ",
      "question": "Who is speaking in the lesson?",
      "options": [
        {
          "option_id": 1,
          "text": "A school teacher",
          "is_correct": true
        },
        {
          "option_id": 2,
          "text": "A student",
          "is_correct": false
        },
        {
          "option_id": 3,
          "text": "A parent",
          "is_correct": false
        },
        {
          "option_id": 4,
          "text": "A doctor",
          "is_correct": false
        }
      ],
      "answer": "A school teacher"
    },
    {
      "question_id": 12,
      "question_type": "MCQ",
      "question": "What does the teacher care about?",
      "options": [
        {
          "option_id": 1,
          "text": "Students",
          "is_correct": true
        },
        {
          "option_id": 2,
          "text": "Money",
          "is_correct": false
        },
        {
          "option_id": 3,
          "text": "Games",
          "is_correct": false
        },
        {
          "option_id": 4,
          "text": "Travel",
          "is_correct": false
        }
      ],
      "answer": "Students"
    },
    {
      "question_id": 13,
      "question_type": "MCQ",
      "question": "What does the teacher want students to become?",
      "options": [
        {
          "option_id": 1,
          "text": "Good human beings",
          "is_correct": true
        },
        {
          "option_id": 2,
          "text": "Rich people",
          "is_correct": false
        },
        {
          "option_id": 3,
          "text": "Famous actors",
          "is_correct": false
        },
        {
          "option_id": 4,
          "text": "Soldiers",
          "is_correct": false
        }
      ],
      "answer": "Good human beings"
    },
    {
      "question_id": 14,
      "question_type": "MCQ",
      "question": "Which quality is highlighted?",
      "options": [
        {
          "option_id": 1,
          "text": "Responsibility",
          "is_correct": true
        },
        {
          "option_id": 2,
          "text": "Anger",
          "is_correct": false
        },
        {
          "option_id": 3,
          "text": "Fear",
          "is_correct": false
        },
        {
          "option_id": 4,
          "text": "Pride",
          "is_correct": false
        }
      ],
      "answer": "Responsibility"
    },
    {
      "question_id": 15,
      "question_type": "MCQ",
      "question": "What does the lesson teach?",
      "options": [
        {
          "option_id": 1,
          "text": "Value of teaching",
          "is_correct": true
        },
        {
          "option_id": 2,
          "text": "Value of money",
          "is_correct": false
        },
        {
          "option_id": 3,
          "text": "Value of speed",
          "is_correct": false
        },
        {
          "option_id": 4,
          "text": "Value of power",
          "is_correct": false
        }
      ],
      "answer": "Value of teaching"
    },
    {
      "question_id": 16,
      "question_type": "SHORT",
      "question": "Who is speaking in the lesson?",
      "answer": "A school teacher is speaking."
    },
    {
      "question_id": 17,
      "question_type": "SHORT",
      "question": "What does the teacher care about?",
      "answer": "The teacher cares about students."
    },
    {
      "question_id": 18,
      "question_type": "SHORT",
      "question": "What does the teacher want for students?",
      "answer": "To become good human beings."
    },
    {
      "question_id": 19,
      "question_type": "SHORT",
      "question": "Which quality is shown?",
      "answer": "Responsibility."
    },
    {
      "question_id": 20,
      "question_type": "SHORT",
      "question": "What does the lesson teach us?",
      "answer": "To respect teachers and education."
    },
    {
      "question_id": 21,
      "question_type": "SHORT",
      "question": "Who is speaking in the lesson?",
      "answer": "A school teacher is speaking."
    },
    {
      "question_id": 22,
      "question_type": "SHORT",
      "question": "What does the teacher care about?",
      "answer": "The teacher cares about students."
    },
    {
      "question_id": 23,
      "question_type": "SHORT",
      "question": "What does the teacher want for students?",
      "answer": "To become good human beings."
    },
    {
      "question_id": 24,
      "question_type": "SHORT",
      "question": "Which quality is shown?",
      "answer": "Responsibility."
    },
    {
      "question_id": 25,
      "question_type": "SHORT",
      "question": "What does the lesson teach us?",
      "answer": "To respect teachers and education."
    },
    {
      "question_id": 26,
      "question_type": "SHORT",
      "question": "Who is speaking in the lesson?",
      "answer": "A school teacher is speaking."
    },
    {
      "question_id": 27,
      "question_type": "SHORT",
      "question": "What does the teacher care about?",
      "answer": "The teacher cares about students."
    },
    {
      "question_id": 28,
      "question_type": "SHORT",
      "question": "What does the teacher want for students?",
      "answer": "To become good human beings."
    },
    {
      "question_id": 29,
      "question_type": "SHORT",
      "question": "Which quality is shown?",
      "answer": "Responsibility."
    },
    {
      "question_id": 30,
      "question_type": "SHORT",
      "question": "What does the lesson teach us?",
      "answer": "To respect teachers and education."
    }
  ]
}