{
  "chapter_metadata": {
    "chapter_id": "03.English.17",
    "standard": "3",
    "subject": "English",
    "medium": "English",
    "chapter_name": "Curiosity"
  },
  "questions": [
    {
      "question_id": 1,
      "question_type": "MCQ",
      "question": "What is the poem about?",
      "options": [
        {
          "option_id": 1,
          "text": "Asking questions",
          "is_correct": true
        },
        {
          "option_id": 2,
          "text": "Running fast",
          "is_correct": false
        },
        {
          "option_id": 3,
          "text": "Singing songs",
          "is_correct": false
        },
        {
          "option_id": 4,
          "text": "Drawing pictures",
          "is_correct": false
        }
      ],
      "answer": "Asking questions"
    },
    {
      "question_id": 2,
      "question_type": "MCQ",
      "question": "Who asks many questions?",
      "options": [
        {
          "option_id": 1,
          "text": "A child",
          "is_correct": true
        },
        {
          "option_id": 2,
          "text": "A teacher",
          "is_correct": false
        },
        {
          "option_id": 3,
          "text": "A king",
          "is_correct": false
        },
        {
          "option_id": 4,
          "text": "A guard",
          "is_correct": false
        }
      ],
      "answer": "A child"
    },
    {
      "question_id": 3,
      "question_type": "MCQ",
      "question": "What does the child want to know?",
      "options": [
        {
          "option_id": 1,
          "text": "About nature and animals",
          "is_correct": true
        },
        {
          "option_id": 2,
          "text": "Only games",
          "is_correct": false
        },
        {
          "option_id": 3,
          "text": "Only food",
          "is_correct": false
        },
        {
          "option_id": 4,
          "text": "Only toys",
          "is_correct": false
        }
      ],
      "answer": "About nature and animals"
    },
    {
      "question_id": 4,
      "question_type": "MCQ",
      "question": "Which quality does the poem show?",
      "options": [
        {
          "option_id": 1,
          "text": "Curiosity",
          "is_correct": true
        },
        {
          "option_id": 2,
          "text": "Anger",
          "is_correct": false
        },
        {
          "option_id": 3,
          "text": "Fear",
          "is_correct": false
        },
        {
          "option_id": 4,
          "text": "Pride",
          "is_correct": false
        }
      ],
      "answer": "Curiosity"
    },
    {
      "question_id": 5,
      "question_type": "MCQ",
      "question": "Why is curiosity good?",
      "options": [
        {
          "option_id": 1,
          "text": "It helps us learn",
          "is_correct": true
        },
        {
          "option_id": 2,
          "text": "It makes us lazy",
          "is_correct": false
        },
        {
          "option_id": 3,
          "text": "It makes us rude",
          "is_correct": false
        },
        {
          "option_id": 4,
          "text": "It makes us afraid",
          "is_correct": false
        }
      ],
      "answer": "It helps us learn"
    },
    {
      "question_id": 6,
      "question_type": "MCQ",
      "question": "What is the poem about?",
      "options": [
        {
          "option_id": 1,
          "text": "Asking questions",
          "is_correct": true
        },
        {
          "option_id": 2,
          "text": "Running fast",
          "is_correct": false
        },
        {
          "option_id": 3,
          "text": "Singing songs",
          "is_correct": false
        },
        {
          "option_id": 4,
          "text": "Drawing pictures",
          "is_correct": false
        }
      ],
      "answer": "Asking questions"
    },
    {
      "question_id": 7,
      "question_type": "MCQ",
      "question": "Who asks many questions?",
      "options": [
        {
          "option_id": 1,
          "text": "A child",
          "is_correct": true
        },
        {
          "option_id": 2,
          "text": "A teacher",
          "is_correct": false
        },
        {
          "option_id": 3,
          "text": "A king",
          "is_correct": false
        },
        {
          "option_id": 4,
          "text": "A guard",
          "is_correct": false
        }
      ],
      "answer": "A child"
    },
    {
      "question_id": 8,
      "question_type": "MCQ",
      "question": "What does the child want to know?",
      "options": [
        {
          "option_id": 1,
          "text": "About nature and animals",
          "is_correct": true
        },
        {
          "option_id": 2,
          "text": "Only games",
          "is_correct": false
        },
        {
          "option_id": 3,
          "text": "Only food",
          "is_correct": false
        },
        {
          "option_id": 4,
          "text": "Only toys",
          "is_correct": false
        }
      ],
      "answer": "About nature and animals"
    },
    {
      "question_id": 9,
      "question_type": "MCQ",
      "question": "Which quality does the poem show?",
      "options": [
        {
          "option_id": 1,
          "text": "Curiosity",
          "is_correct": true
        },
        {
          "option_id": 2,
          "text": "Anger",
          "is_correct": false
        },
        {
          "option_id": 3,
          "text": "Fear",
          "is_correct": false
        },
        {
          "option_id": 4,
          "text": "Pride",
          "is_correct": false
        }
      ],
      "answer": "Curiosity"
    },
    {
      "question_id": 10,
      "question_type": "MCQ",
      "question": "Why is curiosity good?",
      "options": [
        {
          "option_id": 1,
          "text": "It helps us learn",
          "is_correct": true
        },
        {
          "option_id": 2,
          "text": "It makes us lazy",
          "is_correct": false
        },
        {
          "option_id": 3,
          "text": "It makes us rude",
          "is_correct": false
        },
        {
          "option_id": 4,
          "text": "It makes us afraid",
          "is_correct": false
        }
      ],
      "answer": "It helps us learn"
    },
    {
      "question_id": 11,
      "question_type": "MCQ",
      "question": "What is the poem about?",
      "options": [
        {
          "option_id": 1,
          "text": "Asking questions",
          "is_correct": true
        },
        {
          "option_id": 2,
          "text": "Running fast",
          "is_correct": false
        },
        {
          "option_id": 3,
          "text": "Singing songs",
          "is_correct": false
        },
        {
          "option_id": 4,
          "text": "Drawing pictures",
          "is_correct": false
        }
      ],
      "answer": "Asking questions"
    },
    {
      "question_id": 12,
      "question_type": "MCQ",
      "question": "Who asks many questions?",
      "options": [
        {
          "option_id": 1,
          "text": "A child",
          "is_correct": true
        },
        {
          "option_id": 2,
          "text": "A teacher",
          "is_correct": false
        },
        {
          "option_id": 3,
          "text": "A king",
          "is_correct": false
        },
        {
          "option_id": 4,
          "text": "A guard",
          "is_correct": false
        }
      ],
      "answer": "A child"
    },
    {
      "question_id": 13,
      "question_type": "MCQ",
      "question": "What does the child want to know?",
      "options": [
        {
          "option_id": 1,
          "text": "About nature and animals",
          "is_correct": true
        },
        {
          "option_id": 2,
          "text": "Only games",
          "is_correct": false
        },
        {
          "option_id": 3,
          "text": "Only food",
          "is_correct": false
        },
        {
          "option_id": 4,
          "text": "Only toys",
          "is_correct": false
        }
      ],
      "answer": "About nature and animals"
    },
    {
      "question_id": 14,
      "question_type": "MCQ",
      "question": "Which quality does the poem show?",
      "options": [
        {
          "option_id": 1,
          "text": "Curiosity",
          "is_correct": true
        },
        {
          "option_id": 2,
          "text": "Anger",
          "is_correct": false
        },
        {
          "option_id": 3,
          "text": "Fear",
          "is_correct": false
        },
        {
          "option_id": 4,
          "text": "Pride",
          "is_correct": false
        }
      ],
      "answer": "Curiosity"
    },
    {
      "question_id": 15,
      "question_type": "MCQ",
      "question": "Why is curiosity good?",
      "options": [
        {
          "option_id": 1,
          "text": "It helps us learn",
          "is_correct": true
        },
        {
          "option_id": 2,
          "text": "It makes us lazy",
          "is_correct": false
        },
        {
          "option_id": 3,
          "text": "It makes us rude",
          "is_correct": false
        },
        {
          "option_id": 4,
          "text": "It makes us afraid",
          "is_correct": false
        }
      ],
      "answer": "It helps us learn"
    },
    {
      "question_id": 16,
      "question_type": "SHORT",
      "question": "What is the poem about?",
      "answer": "It is about curiosity."
    },
    {
      "question_id": 17,
      "question_type": "SHORT",
      "question": "Who asks many questions?",
      "answer": "The child asks many questions."
    },
    {
      "question_id": 18,
      "question_type": "SHORT",
      "question": "What does the child want to know?",
      "answer": "About nature, birds, animals and things."
    },
    {
      "question_id": 19,
      "question_type": "SHORT",
      "question": "Why is curiosity important?",
      "answer": "Because it helps us learn."
    },
    {
      "question_id": 20,
      "question_type": "SHORT",
      "question": "Write one thing you are curious about.",
      "answer": "I am curious about how birds fly."
    },
    {
      "question_id": 21,
      "question_type": "SHORT",
      "question": "What is the poem about?",
      "answer": "It is about curiosity."
    },
    {
      "question_id": 22,
      "question_type": "SHORT",
      "question": "Who asks many questions?",
      "answer": "The child asks many questions."
    },
    {
      "question_id": 23,
      "question_type": "SHORT",
      "question": "What does the child want to know?",
      "answer": "About nature, birds, animals and things."
    },
    {
      "question_id": 24,
      "question_type": "SHORT",
      "question": "Why is curiosity important?",
      "answer": "Because it helps us learn."
    },
    {
      "question_id": 25,
      "question_type": "SHORT",
      "question": "Write one thing you are curious about.",
      "answer": "I am curious about how birds fly."
    },
    {
      "question_id": 26,
      "question_type": "SHORT",
      "question": "What is the poem about?",
      "answer": "It is about curiosity."
    },
    {
      "question_id": 27,
      "question_type": "SHORT",
      "question": "Who asks many questions?",
      "answer": "The child asks many questions."
    },
    {
      "question_id": 28,
      "question_type": "SHORT",
      "question": "What does the child want to know?",
      "answer": "About nature, birds, animals and things."
    },
    {
      "question_id": 29,
      "question_type": "SHORT",
      "question": "Why is curiosity important?",
      "answer": "Because it helps us learn."
    },
    {
      "question_id": 30,
      "question_type": "SHORT",
      "question": "Write one thing you are curious about.",
      "answer": "I am curious about how birds fly."
    }
  ]
}