{
  "chapter_metadata": {
    "chapter_id": "03.English.35",
    "standard": "3",
    "subject": "English",
    "medium": "English",
    "chapter_name": "Pinocchio"
  },
  "questions": [
    {
      "question_id": 1,
      "question_type": "MCQ",
      "question": "Who made Pinocchio?",
      "options": [
        {
          "option_id": 1,
          "text": "Gepetto",
          "is_correct": true
        },
        {
          "option_id": 2,
          "text": "The king",
          "is_correct": false
        },
        {
          "option_id": 3,
          "text": "A teacher",
          "is_correct": false
        },
        {
          "option_id": 4,
          "text": "A sailor",
          "is_correct": false
        }
      ],
      "answer": "Gepetto"
    },
    {
      "question_id": 2,
      "question_type": "MCQ",
      "question": "What was Pinocchio made of?",
      "options": [
        {
          "option_id": 1,
          "text": "Wood",
          "is_correct": true
        },
        {
          "option_id": 2,
          "text": "Stone",
          "is_correct": false
        },
        {
          "option_id": 3,
          "text": "Metal",
          "is_correct": false
        },
        {
          "option_id": 4,
          "text": "Plastic",
          "is_correct": false
        }
      ],
      "answer": "Wood"
    },
    {
      "question_id": 3,
      "question_type": "MCQ",
      "question": "What happened when Pinocchio told a lie?",
      "options": [
        {
          "option_id": 1,
          "text": "His nose grew",
          "is_correct": true
        },
        {
          "option_id": 2,
          "text": "He slept",
          "is_correct": false
        },
        {
          "option_id": 3,
          "text": "He ran away",
          "is_correct": false
        },
        {
          "option_id": 4,
          "text": "He laughed",
          "is_correct": false
        }
      ],
      "answer": "His nose grew"
    },
    {
      "question_id": 4,
      "question_type": "MCQ",
      "question": "Who wanted Pinocchio to be good?",
      "options": [
        {
          "option_id": 1,
          "text": "Gepetto",
          "is_correct": true
        },
        {
          "option_id": 2,
          "text": "The fox",
          "is_correct": false
        },
        {
          "option_id": 3,
          "text": "The cat",
          "is_correct": false
        },
        {
          "option_id": 4,
          "text": "The whale",
          "is_correct": false
        }
      ],
      "answer": "Gepetto"
    },
    {
      "question_id": 5,
      "question_type": "MCQ",
      "question": "What is the lesson?",
      "options": [
        {
          "option_id": 1,
          "text": "Do not tell lies",
          "is_correct": true
        },
        {
          "option_id": 2,
          "text": "Be lazy",
          "is_correct": false
        },
        {
          "option_id": 3,
          "text": "Be rude",
          "is_correct": false
        },
        {
          "option_id": 4,
          "text": "Never speak",
          "is_correct": false
        }
      ],
      "answer": "Do not tell lies"
    },
    {
      "question_id": 6,
      "question_type": "MCQ",
      "question": "Who made Pinocchio?",
      "options": [
        {
          "option_id": 1,
          "text": "Gepetto",
          "is_correct": true
        },
        {
          "option_id": 2,
          "text": "The king",
          "is_correct": false
        },
        {
          "option_id": 3,
          "text": "A teacher",
          "is_correct": false
        },
        {
          "option_id": 4,
          "text": "A sailor",
          "is_correct": false
        }
      ],
      "answer": "Gepetto"
    },
    {
      "question_id": 7,
      "question_type": "MCQ",
      "question": "What was Pinocchio made of?",
      "options": [
        {
          "option_id": 1,
          "text": "Wood",
          "is_correct": true
        },
        {
          "option_id": 2,
          "text": "Stone",
          "is_correct": false
        },
        {
          "option_id": 3,
          "text": "Metal",
          "is_correct": false
        },
        {
          "option_id": 4,
          "text": "Plastic",
          "is_correct": false
        }
      ],
      "answer": "Wood"
    },
    {
      "question_id": 8,
      "question_type": "MCQ",
      "question": "What happened when Pinocchio told a lie?",
      "options": [
        {
          "option_id": 1,
          "text": "His nose grew",
          "is_correct": true
        },
        {
          "option_id": 2,
          "text": "He slept",
          "is_correct": false
        },
        {
          "option_id": 3,
          "text": "He ran away",
          "is_correct": false
        },
        {
          "option_id": 4,
          "text": "He laughed",
          "is_correct": false
        }
      ],
      "answer": "His nose grew"
    },
    {
      "question_id": 9,
      "question_type": "MCQ",
      "question": "Who wanted Pinocchio to be good?",
      "options": [
        {
          "option_id": 1,
          "text": "Gepetto",
          "is_correct": true
        },
        {
          "option_id": 2,
          "text": "The fox",
          "is_correct": false
        },
        {
          "option_id": 3,
          "text": "The cat",
          "is_correct": false
        },
        {
          "option_id": 4,
          "text": "The whale",
          "is_correct": false
        }
      ],
      "answer": "Gepetto"
    },
    {
      "question_id": 10,
      "question_type": "MCQ",
      "question": "What is the lesson?",
      "options": [
        {
          "option_id": 1,
          "text": "Do not tell lies",
          "is_correct": true
        },
        {
          "option_id": 2,
          "text": "Be lazy",
          "is_correct": false
        },
        {
          "option_id": 3,
          "text": "Be rude",
          "is_correct": false
        },
        {
          "option_id": 4,
          "text": "Never speak",
          "is_correct": false
        }
      ],
      "answer": "Do not tell lies"
    },
    {
      "question_id": 11,
      "question_type": "MCQ",
      "question": "Who made Pinocchio?",
      "options": [
        {
          "option_id": 1,
          "text": "Gepetto",
          "is_correct": true
        },
        {
          "option_id": 2,
          "text": "The king",
          "is_correct": false
        },
        {
          "option_id": 3,
          "text": "A teacher",
          "is_correct": false
        },
        {
          "option_id": 4,
          "text": "A sailor",
          "is_correct": false
        }
      ],
      "answer": "Gepetto"
    },
    {
      "question_id": 12,
      "question_type": "MCQ",
      "question": "What was Pinocchio made of?",
      "options": [
        {
          "option_id": 1,
          "text": "Wood",
          "is_correct": true
        },
        {
          "option_id": 2,
          "text": "Stone",
          "is_correct": false
        },
        {
          "option_id": 3,
          "text": "Metal",
          "is_correct": false
        },
        {
          "option_id": 4,
          "text": "Plastic",
          "is_correct": false
        }
      ],
      "answer": "Wood"
    },
    {
      "question_id": 13,
      "question_type": "MCQ",
      "question": "What happened when Pinocchio told a lie?",
      "options": [
        {
          "option_id": 1,
          "text": "His nose grew",
          "is_correct": true
        },
        {
          "option_id": 2,
          "text": "He slept",
          "is_correct": false
        },
        {
          "option_id": 3,
          "text": "He ran away",
          "is_correct": false
        },
        {
          "option_id": 4,
          "text": "He laughed",
          "is_correct": false
        }
      ],
      "answer": "His nose grew"
    },
    {
      "question_id": 14,
      "question_type": "MCQ",
      "question": "Who wanted Pinocchio to be good?",
      "options": [
        {
          "option_id": 1,
          "text": "Gepetto",
          "is_correct": true
        },
        {
          "option_id": 2,
          "text": "The fox",
          "is_correct": false
        },
        {
          "option_id": 3,
          "text": "The cat",
          "is_correct": false
        },
        {
          "option_id": 4,
          "text": "The whale",
          "is_correct": false
        }
      ],
      "answer": "Gepetto"
    },
    {
      "question_id": 15,
      "question_type": "MCQ",
      "question": "What is the lesson?",
      "options": [
        {
          "option_id": 1,
          "text": "Do not tell lies",
          "is_correct": true
        },
        {
          "option_id": 2,
          "text": "Be lazy",
          "is_correct": false
        },
        {
          "option_id": 3,
          "text": "Be rude",
          "is_correct": false
        },
        {
          "option_id": 4,
          "text": "Never speak",
          "is_correct": false
        }
      ],
      "answer": "Do not tell lies"
    },
    {
      "question_id": 16,
      "question_type": "SHORT",
      "question": "Who made Pinocchio?",
      "answer": "Gepetto made Pinocchio."
    },
    {
      "question_id": 17,
      "question_type": "SHORT",
      "question": "What was Pinocchio made of?",
      "answer": "He was made of wood."
    },
    {
      "question_id": 18,
      "question_type": "SHORT",
      "question": "What happened when he told a lie?",
      "answer": "His nose grew longer."
    },
    {
      "question_id": 19,
      "question_type": "SHORT",
      "question": "Who wanted him to be good?",
      "answer": "Gepetto wanted him to be good."
    },
    {
      "question_id": 20,
      "question_type": "SHORT",
      "question": "What does the story teach us?",
      "answer": "We should not tell lies."
    },
    {
      "question_id": 21,
      "question_type": "SHORT",
      "question": "Who made Pinocchio?",
      "answer": "Gepetto made Pinocchio."
    },
    {
      "question_id": 22,
      "question_type": "SHORT",
      "question": "What was Pinocchio made of?",
      "answer": "He was made of wood."
    },
    {
      "question_id": 23,
      "question_type": "SHORT",
      "question": "What happened when he told a lie?",
      "answer": "His nose grew longer."
    },
    {
      "question_id": 24,
      "question_type": "SHORT",
      "question": "Who wanted him to be good?",
      "answer": "Gepetto wanted him to be good."
    },
    {
      "question_id": 25,
      "question_type": "SHORT",
      "question": "What does the story teach us?",
      "answer": "We should not tell lies."
    },
    {
      "question_id": 26,
      "question_type": "SHORT",
      "question": "Who made Pinocchio?",
      "answer": "Gepetto made Pinocchio."
    },
    {
      "question_id": 27,
      "question_type": "SHORT",
      "question": "What was Pinocchio made of?",
      "answer": "He was made of wood."
    },
    {
      "question_id": 28,
      "question_type": "SHORT",
      "question": "What happened when he told a lie?",
      "answer": "His nose grew longer."
    },
    {
      "question_id": 29,
      "question_type": "SHORT",
      "question": "Who wanted him to be good?",
      "answer": "Gepetto wanted him to be good."
    },
    {
      "question_id": 30,
      "question_type": "SHORT",
      "question": "What does the story teach us?",
      "answer": "We should not tell lies."
    }
  ]
}