{
  "chapter_metadata": {
    "chapter_id": "03.English.36",
    "standard": "3",
    "subject": "English",
    "medium": "English",
    "chapter_name": "Gadge Maharaj"
  },
  "questions": [
    {
      "question_id": 1,
      "question_type": "MCQ",
      "question": "Who was Gadge Maharaj?",
      "options": [
        {
          "option_id": 1,
          "text": "A saint and social reformer",
          "is_correct": true
        },
        {
          "option_id": 2,
          "text": "A king",
          "is_correct": false
        },
        {
          "option_id": 3,
          "text": "A soldier",
          "is_correct": false
        },
        {
          "option_id": 4,
          "text": "A poet",
          "is_correct": false
        }
      ],
      "answer": "A saint and social reformer"
    },
    {
      "question_id": 2,
      "question_type": "MCQ",
      "question": "What did Gadge Maharaj teach people?",
      "options": [
        {
          "option_id": 1,
          "text": "Cleanliness and service",
          "is_correct": true
        },
        {
          "option_id": 2,
          "text": "Fighting",
          "is_correct": false
        },
        {
          "option_id": 3,
          "text": "Hunting",
          "is_correct": false
        },
        {
          "option_id": 4,
          "text": "Dancing",
          "is_correct": false
        }
      ],
      "answer": "Cleanliness and service"
    },
    {
      "question_id": 3,
      "question_type": "MCQ",
      "question": "Which quality is shown?",
      "options": [
        {
          "option_id": 1,
          "text": "Service to society",
          "is_correct": true
        },
        {
          "option_id": 2,
          "text": "Anger",
          "is_correct": false
        },
        {
          "option_id": 3,
          "text": "Pride",
          "is_correct": false
        },
        {
          "option_id": 4,
          "text": "Fear",
          "is_correct": false
        }
      ],
      "answer": "Service to society"
    },
    {
      "question_id": 4,
      "question_type": "MCQ",
      "question": "What did he do for villages?",
      "options": [
        {
          "option_id": 1,
          "text": "Helped people and improved cleanliness",
          "is_correct": true
        },
        {
          "option_id": 2,
          "text": "Built palaces",
          "is_correct": false
        },
        {
          "option_id": 3,
          "text": "Collected taxes",
          "is_correct": false
        },
        {
          "option_id": 4,
          "text": "Went to war",
          "is_correct": false
        }
      ],
      "answer": "Helped people and improved cleanliness"
    },
    {
      "question_id": 5,
      "question_type": "MCQ",
      "question": "Why is he remembered?",
      "options": [
        {
          "option_id": 1,
          "text": "For helping society",
          "is_correct": true
        },
        {
          "option_id": 2,
          "text": "For wealth",
          "is_correct": false
        },
        {
          "option_id": 3,
          "text": "For power",
          "is_correct": false
        },
        {
          "option_id": 4,
          "text": "For travel",
          "is_correct": false
        }
      ],
      "answer": "For helping society"
    },
    {
      "question_id": 6,
      "question_type": "MCQ",
      "question": "Who was Gadge Maharaj?",
      "options": [
        {
          "option_id": 1,
          "text": "A saint and social reformer",
          "is_correct": true
        },
        {
          "option_id": 2,
          "text": "A king",
          "is_correct": false
        },
        {
          "option_id": 3,
          "text": "A soldier",
          "is_correct": false
        },
        {
          "option_id": 4,
          "text": "A poet",
          "is_correct": false
        }
      ],
      "answer": "A saint and social reformer"
    },
    {
      "question_id": 7,
      "question_type": "MCQ",
      "question": "What did Gadge Maharaj teach people?",
      "options": [
        {
          "option_id": 1,
          "text": "Cleanliness and service",
          "is_correct": true
        },
        {
          "option_id": 2,
          "text": "Fighting",
          "is_correct": false
        },
        {
          "option_id": 3,
          "text": "Hunting",
          "is_correct": false
        },
        {
          "option_id": 4,
          "text": "Dancing",
          "is_correct": false
        }
      ],
      "answer": "Cleanliness and service"
    },
    {
      "question_id": 8,
      "question_type": "MCQ",
      "question": "Which quality is shown?",
      "options": [
        {
          "option_id": 1,
          "text": "Service to society",
          "is_correct": true
        },
        {
          "option_id": 2,
          "text": "Anger",
          "is_correct": false
        },
        {
          "option_id": 3,
          "text": "Pride",
          "is_correct": false
        },
        {
          "option_id": 4,
          "text": "Fear",
          "is_correct": false
        }
      ],
      "answer": "Service to society"
    },
    {
      "question_id": 9,
      "question_type": "MCQ",
      "question": "What did he do for villages?",
      "options": [
        {
          "option_id": 1,
          "text": "Helped people and improved cleanliness",
          "is_correct": true
        },
        {
          "option_id": 2,
          "text": "Built palaces",
          "is_correct": false
        },
        {
          "option_id": 3,
          "text": "Collected taxes",
          "is_correct": false
        },
        {
          "option_id": 4,
          "text": "Went to war",
          "is_correct": false
        }
      ],
      "answer": "Helped people and improved cleanliness"
    },
    {
      "question_id": 10,
      "question_type": "MCQ",
      "question": "Why is he remembered?",
      "options": [
        {
          "option_id": 1,
          "text": "For helping society",
          "is_correct": true
        },
        {
          "option_id": 2,
          "text": "For wealth",
          "is_correct": false
        },
        {
          "option_id": 3,
          "text": "For power",
          "is_correct": false
        },
        {
          "option_id": 4,
          "text": "For travel",
          "is_correct": false
        }
      ],
      "answer": "For helping society"
    },
    {
      "question_id": 11,
      "question_type": "MCQ",
      "question": "Who was Gadge Maharaj?",
      "options": [
        {
          "option_id": 1,
          "text": "A saint and social reformer",
          "is_correct": true
        },
        {
          "option_id": 2,
          "text": "A king",
          "is_correct": false
        },
        {
          "option_id": 3,
          "text": "A soldier",
          "is_correct": false
        },
        {
          "option_id": 4,
          "text": "A poet",
          "is_correct": false
        }
      ],
      "answer": "A saint and social reformer"
    },
    {
      "question_id": 12,
      "question_type": "MCQ",
      "question": "What did Gadge Maharaj teach people?",
      "options": [
        {
          "option_id": 1,
          "text": "Cleanliness and service",
          "is_correct": true
        },
        {
          "option_id": 2,
          "text": "Fighting",
          "is_correct": false
        },
        {
          "option_id": 3,
          "text": "Hunting",
          "is_correct": false
        },
        {
          "option_id": 4,
          "text": "Dancing",
          "is_correct": false
        }
      ],
      "answer": "Cleanliness and service"
    },
    {
      "question_id": 13,
      "question_type": "MCQ",
      "question": "Which quality is shown?",
      "options": [
        {
          "option_id": 1,
          "text": "Service to society",
          "is_correct": true
        },
        {
          "option_id": 2,
          "text": "Anger",
          "is_correct": false
        },
        {
          "option_id": 3,
          "text": "Pride",
          "is_correct": false
        },
        {
          "option_id": 4,
          "text": "Fear",
          "is_correct": false
        }
      ],
      "answer": "Service to society"
    },
    {
      "question_id": 14,
      "question_type": "MCQ",
      "question": "What did he do for villages?",
      "options": [
        {
          "option_id": 1,
          "text": "Helped people and improved cleanliness",
          "is_correct": true
        },
        {
          "option_id": 2,
          "text": "Built palaces",
          "is_correct": false
        },
        {
          "option_id": 3,
          "text": "Collected taxes",
          "is_correct": false
        },
        {
          "option_id": 4,
          "text": "Went to war",
          "is_correct": false
        }
      ],
      "answer": "Helped people and improved cleanliness"
    },
    {
      "question_id": 15,
      "question_type": "MCQ",
      "question": "Why is he remembered?",
      "options": [
        {
          "option_id": 1,
          "text": "For helping society",
          "is_correct": true
        },
        {
          "option_id": 2,
          "text": "For wealth",
          "is_correct": false
        },
        {
          "option_id": 3,
          "text": "For power",
          "is_correct": false
        },
        {
          "option_id": 4,
          "text": "For travel",
          "is_correct": false
        }
      ],
      "answer": "For helping society"
    },
    {
      "question_id": 16,
      "question_type": "SHORT",
      "question": "Who was Gadge Maharaj?",
      "answer": "He was a saint and social reformer."
    },
    {
      "question_id": 17,
      "question_type": "SHORT",
      "question": "What did he teach people?",
      "answer": "He taught cleanliness and service."
    },
    {
      "question_id": 18,
      "question_type": "SHORT",
      "question": "Which quality did he show?",
      "answer": "Service to society."
    },
    {
      "question_id": 19,
      "question_type": "SHORT",
      "question": "How did he help villages?",
      "answer": "By improving cleanliness and helping people."
    },
    {
      "question_id": 20,
      "question_type": "SHORT",
      "question": "Why is he remembered?",
      "answer": "For his social service."
    },
    {
      "question_id": 21,
      "question_type": "SHORT",
      "question": "Who was Gadge Maharaj?",
      "answer": "He was a saint and social reformer."
    },
    {
      "question_id": 22,
      "question_type": "SHORT",
      "question": "What did he teach people?",
      "answer": "He taught cleanliness and service."
    },
    {
      "question_id": 23,
      "question_type": "SHORT",
      "question": "Which quality did he show?",
      "answer": "Service to society."
    },
    {
      "question_id": 24,
      "question_type": "SHORT",
      "question": "How did he help villages?",
      "answer": "By improving cleanliness and helping people."
    },
    {
      "question_id": 25,
      "question_type": "SHORT",
      "question": "Why is he remembered?",
      "answer": "For his social service."
    },
    {
      "question_id": 26,
      "question_type": "SHORT",
      "question": "Who was Gadge Maharaj?",
      "answer": "He was a saint and social reformer."
    },
    {
      "question_id": 27,
      "question_type": "SHORT",
      "question": "What did he teach people?",
      "answer": "He taught cleanliness and service."
    },
    {
      "question_id": 28,
      "question_type": "SHORT",
      "question": "Which quality did he show?",
      "answer": "Service to society."
    },
    {
      "question_id": 29,
      "question_type": "SHORT",
      "question": "How did he help villages?",
      "answer": "By improving cleanliness and helping people."
    },
    {
      "question_id": 30,
      "question_type": "SHORT",
      "question": "Why is he remembered?",
      "answer": "For his social service."
    }
  ]
}