{
  "chapter_metadata": {
    "chapter_id": "03.English.21",
    "standard": "3",
    "subject": "English",
    "medium": "English",
    "chapter_name": "There Is the Key of the Kingdom"
  },
  "questions": [
    {
      "question_id": 1,
      "question_type": "MCQ",
      "question": "What is there in the Kingdom?",
      "options": [
        {
          "option_id": 1,
          "text": "A city",
          "is_correct": true
        },
        {
          "option_id": 2,
          "text": "A river",
          "is_correct": false
        },
        {
          "option_id": 3,
          "text": "A forest",
          "is_correct": false
        },
        {
          "option_id": 4,
          "text": "A desert",
          "is_correct": false
        }
      ],
      "answer": "A city"
    },
    {
      "question_id": 2,
      "question_type": "MCQ",
      "question": "What is in the city?",
      "options": [
        {
          "option_id": 1,
          "text": "A town",
          "is_correct": true
        },
        {
          "option_id": 2,
          "text": "A ship",
          "is_correct": false
        },
        {
          "option_id": 3,
          "text": "A hill",
          "is_correct": false
        },
        {
          "option_id": 4,
          "text": "A lake",
          "is_correct": false
        }
      ],
      "answer": "A town"
    },
    {
      "question_id": 3,
      "question_type": "MCQ",
      "question": "What is in the town?",
      "options": [
        {
          "option_id": 1,
          "text": "A street",
          "is_correct": true
        },
        {
          "option_id": 2,
          "text": "A bridge",
          "is_correct": false
        },
        {
          "option_id": 3,
          "text": "A park",
          "is_correct": false
        },
        {
          "option_id": 4,
          "text": "A school",
          "is_correct": false
        }
      ],
      "answer": "A street"
    },
    {
      "question_id": 4,
      "question_type": "MCQ",
      "question": "What is on the bed?",
      "options": [
        {
          "option_id": 1,
          "text": "A basket",
          "is_correct": true
        },
        {
          "option_id": 2,
          "text": "A book",
          "is_correct": false
        },
        {
          "option_id": 3,
          "text": "A lamp",
          "is_correct": false
        },
        {
          "option_id": 4,
          "text": "A pillow",
          "is_correct": false
        }
      ],
      "answer": "A basket"
    },
    {
      "question_id": 5,
      "question_type": "MCQ",
      "question": "What is inside the basket?",
      "options": [
        {
          "option_id": 1,
          "text": "Flowers",
          "is_correct": true
        },
        {
          "option_id": 2,
          "text": "Fruits",
          "is_correct": false
        },
        {
          "option_id": 3,
          "text": "Coins",
          "is_correct": false
        },
        {
          "option_id": 4,
          "text": "Toys",
          "is_correct": false
        }
      ],
      "answer": "Flowers"
    },
    {
      "question_id": 6,
      "question_type": "MCQ",
      "question": "What is there in the Kingdom?",
      "options": [
        {
          "option_id": 1,
          "text": "A city",
          "is_correct": true
        },
        {
          "option_id": 2,
          "text": "A river",
          "is_correct": false
        },
        {
          "option_id": 3,
          "text": "A forest",
          "is_correct": false
        },
        {
          "option_id": 4,
          "text": "A desert",
          "is_correct": false
        }
      ],
      "answer": "A city"
    },
    {
      "question_id": 7,
      "question_type": "MCQ",
      "question": "What is in the city?",
      "options": [
        {
          "option_id": 1,
          "text": "A town",
          "is_correct": true
        },
        {
          "option_id": 2,
          "text": "A ship",
          "is_correct": false
        },
        {
          "option_id": 3,
          "text": "A hill",
          "is_correct": false
        },
        {
          "option_id": 4,
          "text": "A lake",
          "is_correct": false
        }
      ],
      "answer": "A town"
    },
    {
      "question_id": 8,
      "question_type": "MCQ",
      "question": "What is in the town?",
      "options": [
        {
          "option_id": 1,
          "text": "A street",
          "is_correct": true
        },
        {
          "option_id": 2,
          "text": "A bridge",
          "is_correct": false
        },
        {
          "option_id": 3,
          "text": "A park",
          "is_correct": false
        },
        {
          "option_id": 4,
          "text": "A school",
          "is_correct": false
        }
      ],
      "answer": "A street"
    },
    {
      "question_id": 9,
      "question_type": "MCQ",
      "question": "What is on the bed?",
      "options": [
        {
          "option_id": 1,
          "text": "A basket",
          "is_correct": true
        },
        {
          "option_id": 2,
          "text": "A book",
          "is_correct": false
        },
        {
          "option_id": 3,
          "text": "A lamp",
          "is_correct": false
        },
        {
          "option_id": 4,
          "text": "A pillow",
          "is_correct": false
        }
      ],
      "answer": "A basket"
    },
    {
      "question_id": 10,
      "question_type": "MCQ",
      "question": "What is inside the basket?",
      "options": [
        {
          "option_id": 1,
          "text": "Flowers",
          "is_correct": true
        },
        {
          "option_id": 2,
          "text": "Fruits",
          "is_correct": false
        },
        {
          "option_id": 3,
          "text": "Coins",
          "is_correct": false
        },
        {
          "option_id": 4,
          "text": "Toys",
          "is_correct": false
        }
      ],
      "answer": "Flowers"
    },
    {
      "question_id": 11,
      "question_type": "MCQ",
      "question": "What is there in the Kingdom?",
      "options": [
        {
          "option_id": 1,
          "text": "A city",
          "is_correct": true
        },
        {
          "option_id": 2,
          "text": "A river",
          "is_correct": false
        },
        {
          "option_id": 3,
          "text": "A forest",
          "is_correct": false
        },
        {
          "option_id": 4,
          "text": "A desert",
          "is_correct": false
        }
      ],
      "answer": "A city"
    },
    {
      "question_id": 12,
      "question_type": "MCQ",
      "question": "What is in the city?",
      "options": [
        {
          "option_id": 1,
          "text": "A town",
          "is_correct": true
        },
        {
          "option_id": 2,
          "text": "A ship",
          "is_correct": false
        },
        {
          "option_id": 3,
          "text": "A hill",
          "is_correct": false
        },
        {
          "option_id": 4,
          "text": "A lake",
          "is_correct": false
        }
      ],
      "answer": "A town"
    },
    {
      "question_id": 13,
      "question_type": "MCQ",
      "question": "What is in the town?",
      "options": [
        {
          "option_id": 1,
          "text": "A street",
          "is_correct": true
        },
        {
          "option_id": 2,
          "text": "A bridge",
          "is_correct": false
        },
        {
          "option_id": 3,
          "text": "A park",
          "is_correct": false
        },
        {
          "option_id": 4,
          "text": "A school",
          "is_correct": false
        }
      ],
      "answer": "A street"
    },
    {
      "question_id": 14,
      "question_type": "MCQ",
      "question": "What is on the bed?",
      "options": [
        {
          "option_id": 1,
          "text": "A basket",
          "is_correct": true
        },
        {
          "option_id": 2,
          "text": "A book",
          "is_correct": false
        },
        {
          "option_id": 3,
          "text": "A lamp",
          "is_correct": false
        },
        {
          "option_id": 4,
          "text": "A pillow",
          "is_correct": false
        }
      ],
      "answer": "A basket"
    },
    {
      "question_id": 15,
      "question_type": "MCQ",
      "question": "What is inside the basket?",
      "options": [
        {
          "option_id": 1,
          "text": "Flowers",
          "is_correct": true
        },
        {
          "option_id": 2,
          "text": "Fruits",
          "is_correct": false
        },
        {
          "option_id": 3,
          "text": "Coins",
          "is_correct": false
        },
        {
          "option_id": 4,
          "text": "Toys",
          "is_correct": false
        }
      ],
      "answer": "Flowers"
    },
    {
      "question_id": 16,
      "question_type": "SHORT",
      "question": "What is in the Kingdom?",
      "answer": "There is a city in the Kingdom."
    },
    {
      "question_id": 17,
      "question_type": "SHORT",
      "question": "What is in the city?",
      "answer": "There is a town in the city."
    },
    {
      "question_id": 18,
      "question_type": "SHORT",
      "question": "What is in the town?",
      "answer": "There is a street in the town."
    },
    {
      "question_id": 19,
      "question_type": "SHORT",
      "question": "What is on the bed?",
      "answer": "There is a basket on the bed."
    },
    {
      "question_id": 20,
      "question_type": "SHORT",
      "question": "What is inside the basket?",
      "answer": "There are flowers in the basket."
    },
    {
      "question_id": 21,
      "question_type": "SHORT",
      "question": "What is in the Kingdom?",
      "answer": "There is a city in the Kingdom."
    },
    {
      "question_id": 22,
      "question_type": "SHORT",
      "question": "What is in the city?",
      "answer": "There is a town in the city."
    },
    {
      "question_id": 23,
      "question_type": "SHORT",
      "question": "What is in the town?",
      "answer": "There is a street in the town."
    },
    {
      "question_id": 24,
      "question_type": "SHORT",
      "question": "What is on the bed?",
      "answer": "There is a basket on the bed."
    },
    {
      "question_id": 25,
      "question_type": "SHORT",
      "question": "What is inside the basket?",
      "answer": "There are flowers in the basket."
    },
    {
      "question_id": 26,
      "question_type": "SHORT",
      "question": "What is in the Kingdom?",
      "answer": "There is a city in the Kingdom."
    },
    {
      "question_id": 27,
      "question_type": "SHORT",
      "question": "What is in the city?",
      "answer": "There is a town in the city."
    },
    {
      "question_id": 28,
      "question_type": "SHORT",
      "question": "What is in the town?",
      "answer": "There is a street in the town."
    },
    {
      "question_id": 29,
      "question_type": "SHORT",
      "question": "What is on the bed?",
      "answer": "There is a basket on the bed."
    },
    {
      "question_id": 30,
      "question_type": "SHORT",
      "question": "What is inside the basket?",
      "answer": "There are flowers in the basket."
    }
  ]
}