{
  "chapter_metadata": {
    "chapter_id": "03.English.09",
    "standard": "3",
    "subject": "English",
    "medium": "English",
    "chapter_name": "Dress Quickly!"
  },
  "questions": [
    {
      "question_id": 1,
      "question_type": "MCQ",
      "question": "What is the poem about?",
      "options": [
        {
          "option_id": 1,
          "text": "Dressing neatly",
          "is_correct": true
        },
        {
          "option_id": 2,
          "text": "Running fast",
          "is_correct": false
        },
        {
          "option_id": 3,
          "text": "Drawing pictures",
          "is_correct": false
        },
        {
          "option_id": 4,
          "text": "Playing games",
          "is_correct": false
        }
      ],
      "answer": "Dressing neatly"
    },
    {
      "question_id": 2,
      "question_type": "MCQ",
      "question": "What should we do with our clothes?",
      "options": [
        {
          "option_id": 1,
          "text": "Hang or fold them",
          "is_correct": true
        },
        {
          "option_id": 2,
          "text": "Throw them",
          "is_correct": false
        },
        {
          "option_id": 3,
          "text": "Tear them",
          "is_correct": false
        },
        {
          "option_id": 4,
          "text": "Lose them",
          "is_correct": false
        }
      ],
      "answer": "Hang or fold them"
    },
    {
      "question_id": 3,
      "question_type": "MCQ",
      "question": "Why should we keep clothes properly?",
      "options": [
        {
          "option_id": 1,
          "text": "To find them easily",
          "is_correct": true
        },
        {
          "option_id": 2,
          "text": "To lose them",
          "is_correct": false
        },
        {
          "option_id": 3,
          "text": "To make them dirty",
          "is_correct": false
        },
        {
          "option_id": 4,
          "text": "To hide them",
          "is_correct": false
        }
      ],
      "answer": "To find them easily"
    },
    {
      "question_id": 4,
      "question_type": "MCQ",
      "question": "What happens if clothes are kept neatly?",
      "options": [
        {
          "option_id": 1,
          "text": "We can dress quickly",
          "is_correct": true
        },
        {
          "option_id": 2,
          "text": "We get confused",
          "is_correct": false
        },
        {
          "option_id": 3,
          "text": "We lose them",
          "is_correct": false
        },
        {
          "option_id": 4,
          "text": "They get dirty",
          "is_correct": false
        }
      ],
      "answer": "We can dress quickly"
    },
    {
      "question_id": 5,
      "question_type": "MCQ",
      "question": "What habit does the poem teach?",
      "options": [
        {
          "option_id": 1,
          "text": "Cleanliness",
          "is_correct": true
        },
        {
          "option_id": 2,
          "text": "Laziness",
          "is_correct": false
        },
        {
          "option_id": 3,
          "text": "Anger",
          "is_correct": false
        },
        {
          "option_id": 4,
          "text": "Fear",
          "is_correct": false
        }
      ],
      "answer": "Cleanliness"
    },
    {
      "question_id": 6,
      "question_type": "MCQ",
      "question": "What is the poem about?",
      "options": [
        {
          "option_id": 1,
          "text": "Dressing neatly",
          "is_correct": true
        },
        {
          "option_id": 2,
          "text": "Running fast",
          "is_correct": false
        },
        {
          "option_id": 3,
          "text": "Drawing pictures",
          "is_correct": false
        },
        {
          "option_id": 4,
          "text": "Playing games",
          "is_correct": false
        }
      ],
      "answer": "Dressing neatly"
    },
    {
      "question_id": 7,
      "question_type": "MCQ",
      "question": "What should we do with our clothes?",
      "options": [
        {
          "option_id": 1,
          "text": "Hang or fold them",
          "is_correct": true
        },
        {
          "option_id": 2,
          "text": "Throw them",
          "is_correct": false
        },
        {
          "option_id": 3,
          "text": "Tear them",
          "is_correct": false
        },
        {
          "option_id": 4,
          "text": "Lose them",
          "is_correct": false
        }
      ],
      "answer": "Hang or fold them"
    },
    {
      "question_id": 8,
      "question_type": "MCQ",
      "question": "Why should we keep clothes properly?",
      "options": [
        {
          "option_id": 1,
          "text": "To find them easily",
          "is_correct": true
        },
        {
          "option_id": 2,
          "text": "To lose them",
          "is_correct": false
        },
        {
          "option_id": 3,
          "text": "To make them dirty",
          "is_correct": false
        },
        {
          "option_id": 4,
          "text": "To hide them",
          "is_correct": false
        }
      ],
      "answer": "To find them easily"
    },
    {
      "question_id": 9,
      "question_type": "MCQ",
      "question": "What happens if clothes are kept neatly?",
      "options": [
        {
          "option_id": 1,
          "text": "We can dress quickly",
          "is_correct": true
        },
        {
          "option_id": 2,
          "text": "We get confused",
          "is_correct": false
        },
        {
          "option_id": 3,
          "text": "We lose them",
          "is_correct": false
        },
        {
          "option_id": 4,
          "text": "They get dirty",
          "is_correct": false
        }
      ],
      "answer": "We can dress quickly"
    },
    {
      "question_id": 10,
      "question_type": "MCQ",
      "question": "What habit does the poem teach?",
      "options": [
        {
          "option_id": 1,
          "text": "Cleanliness",
          "is_correct": true
        },
        {
          "option_id": 2,
          "text": "Laziness",
          "is_correct": false
        },
        {
          "option_id": 3,
          "text": "Anger",
          "is_correct": false
        },
        {
          "option_id": 4,
          "text": "Fear",
          "is_correct": false
        }
      ],
      "answer": "Cleanliness"
    },
    {
      "question_id": 11,
      "question_type": "MCQ",
      "question": "What is the poem about?",
      "options": [
        {
          "option_id": 1,
          "text": "Dressing neatly",
          "is_correct": true
        },
        {
          "option_id": 2,
          "text": "Running fast",
          "is_correct": false
        },
        {
          "option_id": 3,
          "text": "Drawing pictures",
          "is_correct": false
        },
        {
          "option_id": 4,
          "text": "Playing games",
          "is_correct": false
        }
      ],
      "answer": "Dressing neatly"
    },
    {
      "question_id": 12,
      "question_type": "MCQ",
      "question": "What should we do with our clothes?",
      "options": [
        {
          "option_id": 1,
          "text": "Hang or fold them",
          "is_correct": true
        },
        {
          "option_id": 2,
          "text": "Throw them",
          "is_correct": false
        },
        {
          "option_id": 3,
          "text": "Tear them",
          "is_correct": false
        },
        {
          "option_id": 4,
          "text": "Lose them",
          "is_correct": false
        }
      ],
      "answer": "Hang or fold them"
    },
    {
      "question_id": 13,
      "question_type": "MCQ",
      "question": "Why should we keep clothes properly?",
      "options": [
        {
          "option_id": 1,
          "text": "To find them easily",
          "is_correct": true
        },
        {
          "option_id": 2,
          "text": "To lose them",
          "is_correct": false
        },
        {
          "option_id": 3,
          "text": "To make them dirty",
          "is_correct": false
        },
        {
          "option_id": 4,
          "text": "To hide them",
          "is_correct": false
        }
      ],
      "answer": "To find them easily"
    },
    {
      "question_id": 14,
      "question_type": "MCQ",
      "question": "What happens if clothes are kept neatly?",
      "options": [
        {
          "option_id": 1,
          "text": "We can dress quickly",
          "is_correct": true
        },
        {
          "option_id": 2,
          "text": "We get confused",
          "is_correct": false
        },
        {
          "option_id": 3,
          "text": "We lose them",
          "is_correct": false
        },
        {
          "option_id": 4,
          "text": "They get dirty",
          "is_correct": false
        }
      ],
      "answer": "We can dress quickly"
    },
    {
      "question_id": 15,
      "question_type": "MCQ",
      "question": "What habit does the poem teach?",
      "options": [
        {
          "option_id": 1,
          "text": "Cleanliness",
          "is_correct": true
        },
        {
          "option_id": 2,
          "text": "Laziness",
          "is_correct": false
        },
        {
          "option_id": 3,
          "text": "Anger",
          "is_correct": false
        },
        {
          "option_id": 4,
          "text": "Fear",
          "is_correct": false
        }
      ],
      "answer": "Cleanliness"
    },
    {
      "question_id": 16,
      "question_type": "SHORT",
      "question": "What is the poem about?",
      "answer": "It is about dressing quickly and neatly."
    },
    {
      "question_id": 17,
      "question_type": "SHORT",
      "question": "What should we do with our clothes?",
      "answer": "We should fold or hang them properly."
    },
    {
      "question_id": 18,
      "question_type": "SHORT",
      "question": "Why should we keep clothes neatly?",
      "answer": "So we can find them easily."
    },
    {
      "question_id": 19,
      "question_type": "SHORT",
      "question": "What happens when clothes are neat?",
      "answer": "We can dress quickly."
    },
    {
      "question_id": 20,
      "question_type": "SHORT",
      "question": "What good habit does the poem teach?",
      "answer": "Cleanliness and care."
    },
    {
      "question_id": 21,
      "question_type": "SHORT",
      "question": "What is the poem about?",
      "answer": "It is about dressing quickly and neatly."
    },
    {
      "question_id": 22,
      "question_type": "SHORT",
      "question": "What should we do with our clothes?",
      "answer": "We should fold or hang them properly."
    },
    {
      "question_id": 23,
      "question_type": "SHORT",
      "question": "Why should we keep clothes neatly?",
      "answer": "So we can find them easily."
    },
    {
      "question_id": 24,
      "question_type": "SHORT",
      "question": "What happens when clothes are neat?",
      "answer": "We can dress quickly."
    },
    {
      "question_id": 25,
      "question_type": "SHORT",
      "question": "What good habit does the poem teach?",
      "answer": "Cleanliness and care."
    },
    {
      "question_id": 26,
      "question_type": "SHORT",
      "question": "What is the poem about?",
      "answer": "It is about dressing quickly and neatly."
    },
    {
      "question_id": 27,
      "question_type": "SHORT",
      "question": "What should we do with our clothes?",
      "answer": "We should fold or hang them properly."
    },
    {
      "question_id": 28,
      "question_type": "SHORT",
      "question": "Why should we keep clothes neatly?",
      "answer": "So we can find them easily."
    },
    {
      "question_id": 29,
      "question_type": "SHORT",
      "question": "What happens when clothes are neat?",
      "answer": "We can dress quickly."
    },
    {
      "question_id": 30,
      "question_type": "SHORT",
      "question": "What good habit does the poem teach?",
      "answer": "Cleanliness and care."
    }
  ]
}