{
  "chapter_metadata": {
    "chapter_id": "03.English.21",
    "standard": "3",
    "subject": "Environmental Studies",
    "medium": "English",
    "chapter_name": "Public Services for Community Life"
  },
  "questions": [
    {
      "question_id": 1,
      "question_type": "MCQ",
      "question": "Public services are services provided for the ________.",
      "options": [
        { "option_id": 1, "text": "one family", "is_correct": false },
        { "option_id": 2, "text": "community", "is_correct": true },
        { "option_id": 3, "text": "school only", "is_correct": false },
        { "option_id": 4, "text": "teachers", "is_correct": false }
      ],
      "answer": "community"
    },
    {
      "question_id": 2,
      "question_type": "MCQ",
      "question": "Which of these is a public service?",
      "options": [
        { "option_id": 1, "text": "Hospital", "is_correct": true },
        { "option_id": 2, "text": "Bedroom", "is_correct": false },
        { "option_id": 3, "text": "Kitchen", "is_correct": false },
        { "option_id": 4, "text": "Garden at home", "is_correct": false }
      ],
      "answer": "Hospital"
    },
    {
      "question_id": 3,
      "question_type": "MCQ",
      "question": "Which public service helps sick people?",
      "options": [
        { "option_id": 1, "text": "School", "is_correct": false },
        { "option_id": 2, "text": "Hospital", "is_correct": true },
        { "option_id": 3, "text": "Park", "is_correct": false },
        { "option_id": 4, "text": "Library", "is_correct": false }
      ],
      "answer": "Hospital"
    },
    {
      "question_id": 4,
      "question_type": "MCQ",
      "question": "Which public service helps children learn?",
      "options": [
        { "option_id": 1, "text": "Market", "is_correct": false },
        { "option_id": 2, "text": "School", "is_correct": true },
        { "option_id": 3, "text": "Fire station", "is_correct": false },
        { "option_id": 4, "text": "Post office", "is_correct": false }
      ],
      "answer": "School"
    },
    {
      "question_id": 5,
      "question_type": "MCQ",
      "question": "Which place helps in sending letters?",
      "options": [
        { "option_id": 1, "text": "Hospital", "is_correct": false },
        { "option_id": 2, "text": "Post office", "is_correct": true },
        { "option_id": 3, "text": "Police station", "is_correct": false },
        { "option_id": 4, "text": "School", "is_correct": false }
      ],
      "answer": "Post office"
    },
    {
      "question_id": 6,
      "question_type": "MCQ",
      "question": "Which public service helps during fire accidents?",
      "options": [
        { "option_id": 1, "text": "Police station", "is_correct": false },
        { "option_id": 2, "text": "Fire station", "is_correct": true },
        { "option_id": 3, "text": "Hospital", "is_correct": false },
        { "option_id": 4, "text": "Market", "is_correct": false }
      ],
      "answer": "Fire station"
    },
    {
      "question_id": 7,
      "question_type": "MCQ",
      "question": "Which public service helps maintain law and order?",
      "options": [
        { "option_id": 1, "text": "Police station", "is_correct": true },
        { "option_id": 2, "text": "School", "is_correct": false },
        { "option_id": 3, "text": "Hospital", "is_correct": false },
        { "option_id": 4, "text": "Post office", "is_correct": false }
      ],
      "answer": "Police station"
    },
    {
      "question_id": 8,
      "question_type": "MCQ",
      "question": "Which public service provides books for reading?",
      "options": [
        { "option_id": 1, "text": "Library", "is_correct": true },
        { "option_id": 2, "text": "Market", "is_correct": false },
        { "option_id": 3, "text": "Hospital", "is_correct": false },
        { "option_id": 4, "text": "Fire station", "is_correct": false }
      ],
      "answer": "Library"
    },
    {
      "question_id": 9,
      "question_type": "MCQ",
      "question": "Which service supplies water to our homes?",
      "options": [
        { "option_id": 1, "text": "Water supply", "is_correct": true },
        { "option_id": 2, "text": "Post office", "is_correct": false },
        { "option_id": 3, "text": "Library", "is_correct": false },
        { "option_id": 4, "text": "School", "is_correct": false }
      ],
      "answer": "Water supply"
    },
    {
      "question_id": 10,
      "question_type": "MCQ",
      "question": "Which public service helps keep streets clean?",
      "options": [
        { "option_id": 1, "text": "Cleaning service", "is_correct": true },
        { "option_id": 2, "text": "Hospital", "is_correct": false },
        { "option_id": 3, "text": "School", "is_correct": false },
        { "option_id": 4, "text": "Post office", "is_correct": false }
      ],
      "answer": "Cleaning service"
    },
    {
      "question_id": 11,
      "question_type": "MCQ",
      "question": "Which public service helps us travel from one place to another?",
      "options": [
        { "option_id": 1, "text": "Public transport", "is_correct": true },
        { "option_id": 2, "text": "Library", "is_correct": false },
        { "option_id": 3, "text": "Hospital", "is_correct": false },
        { "option_id": 4, "text": "School", "is_correct": false }
      ],
      "answer": "Public transport"
    },
    {
      "question_id": 12,
      "question_type": "MCQ",
      "question": "Which service provides electricity to homes?",
      "options": [
        { "option_id": 1, "text": "Electricity supply", "is_correct": true },
        { "option_id": 2, "text": "Post office", "is_correct": false },
        { "option_id": 3, "text": "Library", "is_correct": false },
        { "option_id": 4, "text": "Hospital", "is_correct": false }
      ],
      "answer": "Electricity supply"
    },
    {
      "question_id": 13,
      "question_type": "MCQ",
      "question": "Which public service helps keep records of births and deaths?",
      "options": [
        { "option_id": 1, "text": "Municipal office", "is_correct": true },
        { "option_id": 2, "text": "School", "is_correct": false },
        { "option_id": 3, "text": "Library", "is_correct": false },
        { "option_id": 4, "text": "Market", "is_correct": false }
      ],
      "answer": "Municipal office"
    },
    {
      "question_id": 14,
      "question_type": "MCQ",
      "question": "Why are public services important?",
      "options": [
        { "option_id": 1, "text": "They help community life run smoothly", "is_correct": true },
        { "option_id": 2, "text": "They waste money", "is_correct": false },
        { "option_id": 3, "text": "They are for fun", "is_correct": false },
        { "option_id": 4, "text": "They disturb people", "is_correct": false }
      ],
      "answer": "They help community life run smoothly"
    },
    {
      "question_id": 15,
      "question_type": "MCQ",
      "question": "Which of these should we do to support public services?",
      "options": [
        { "option_id": 1, "text": "Use them responsibly", "is_correct": true },
        { "option_id": 2, "text": "Damage property", "is_correct": false },
        { "option_id": 3, "text": "Ignore rules", "is_correct": false },
        { "option_id": 4, "text": "Waste resources", "is_correct": false }
      ],
      "answer": "Use them responsibly"
    },

    {
      "question_id": 51,
      "question_type": "SHORT",
      "question": "What are public services?",
      "answer": "Public services are services provided for the benefit of the community."
    },
    {
      "question_id": 52,
      "question_type": "SHORT",
      "question": "Name any two public services.",
      "answer": "Hospital and school are public services."
    },
    {
      "question_id": 53,
      "question_type": "SHORT",
      "question": "Which public service helps sick people?",
      "answer": "Hospital helps sick people."
    },
    {
      "question_id": 54,
      "question_type": "SHORT",
      "question": "Which public service helps maintain law and order?",
      "answer": "Police station helps maintain law and order."
    },
    {
      "question_id": 55,
      "question_type": "SHORT",
      "question": "Which service helps during fire accidents?",
      "answer": "Fire station helps during fire accidents."
    },
    {
      "question_id": 56,
      "question_type": "SHORT",
      "question": "Which public service helps us send letters?",
      "answer": "Post office helps us send letters."
    },
    {
      "question_id": 57,
      "question_type": "SHORT",
      "question": "Why are schools important public services?",
      "answer": "Schools help children learn and grow."
    },
    {
      "question_id": 58,
      "question_type": "SHORT",
      "question": "Which service provides clean water?",
      "answer": "Water supply service provides clean water."
    },
    {
      "question_id": 59,
      "question_type": "SHORT",
      "question": "Which service provides electricity?",
      "answer": "Electricity supply provides electricity."
    },
    {
      "question_id": 60,
      "question_type": "SHORT",
      "question": "Which public service helps us travel?",
      "answer": "Public transport helps us travel."
    },
    {
      "question_id": 61,
      "question_type": "SHORT",
      "question": "Why should we not damage public property?",
      "answer": "Public property is used by everyone."
    },
    {
      "question_id": 62,
      "question_type": "SHORT",
      "question": "Who keeps public places clean?",
      "answer": "Cleaning workers keep public places clean."
    },
    {
      "question_id": 63,
      "question_type": "SHORT",
      "question": "Which office keeps records of the city?",
      "answer": "Municipal office keeps city records."
    },
    {
      "question_id": 64,
      "question_type": "SHORT",
      "question": "How can we help public services?",
      "answer": "We can help by following rules and using services properly."
    },
    {
      "question_id": 65,
      "question_type": "SHORT",
      "question": "Why are public services important for community life?",
      "answer": "They make community life safe, healthy and comfortable."
    }
  ]
}

