{
  "chapter_metadata": {
    "chapter_id": "03.Marathi.45",
    "standard": "3",
    "subject": "English",
    "medium": "Marathi",
    "chapter_name": "Sentences and Punctuation – 2"
  },
  "questions": [
    {
      "question_id": 1,
      "question_type": "MCQ",
      "question": "Which is a correct sentence?",
      "options": [
        {
          "option_id": 1,
          "text": "She is my friend.",
          "is_correct": true
        },
        {
          "option_id": 2,
          "text": "She my friend is.",
          "is_correct": false
        },
        {
          "option_id": 3,
          "text": "My friend she is.",
          "is_correct": false
        },
        {
          "option_id": 4,
          "text": "Is she my friend.",
          "is_correct": false
        }
      ],
      "answer": "She is my friend."
    },
    {
      "question_id": 2,
      "question_type": "MCQ",
      "question": "Which sentence is a question?",
      "options": [
        {
          "option_id": 1,
          "text": "Where are you?",
          "is_correct": true
        },
        {
          "option_id": 2,
          "text": "I am here.",
          "is_correct": false
        },
        {
          "option_id": 3,
          "text": "She runs.",
          "is_correct": false
        },
        {
          "option_id": 4,
          "text": "This is a pen.",
          "is_correct": false
        }
      ],
      "answer": "Where are you?"
    },
    {
      "question_id": 3,
      "question_type": "MCQ",
      "question": "Which sentence shows feeling?",
      "options": [
        {
          "option_id": 1,
          "text": "Wow!",
          "is_correct": true
        },
        {
          "option_id": 2,
          "text": "I run.",
          "is_correct": false
        },
        {
          "option_id": 3,
          "text": "This is a pen.",
          "is_correct": false
        },
        {
          "option_id": 4,
          "text": "She eats.",
          "is_correct": false
        }
      ],
      "answer": "Wow!"
    },
    {
      "question_id": 4,
      "question_type": "MCQ",
      "question": "Which sentence ends with full stop?",
      "options": [
        {
          "option_id": 1,
          "text": "I like milk.",
          "is_correct": true
        },
        {
          "option_id": 2,
          "text": "I like milk",
          "is_correct": false
        },
        {
          "option_id": 3,
          "text": "I like milk?",
          "is_correct": false
        },
        {
          "option_id": 4,
          "text": "I like milk!",
          "is_correct": false
        }
      ],
      "answer": "I like milk."
    },
    {
      "question_id": 5,
      "question_type": "MCQ",
      "question": "Which mark is used for feeling?",
      "options": [
        {
          "option_id": 1,
          "text": "!",
          "is_correct": true
        },
        {
          "option_id": 2,
          "text": ".",
          "is_correct": false
        },
        {
          "option_id": 3,
          "text": "?",
          "is_correct": false
        },
        {
          "option_id": 4,
          "text": ",",
          "is_correct": false
        }
      ],
      "answer": "!"
    },
    {
      "question_id": 6,
      "question_type": "MCQ",
      "question": "Which is a correct sentence? (45-6)",
      "options": [
        {
          "option_id": 1,
          "text": "She is my friend.",
          "is_correct": true
        },
        {
          "option_id": 2,
          "text": "She my friend is.",
          "is_correct": false
        },
        {
          "option_id": 3,
          "text": "My friend she is.",
          "is_correct": false
        },
        {
          "option_id": 4,
          "text": "Is she my friend.",
          "is_correct": false
        }
      ],
      "answer": "She is my friend."
    },
    {
      "question_id": 7,
      "question_type": "MCQ",
      "question": "Which sentence is a question? (45-7)",
      "options": [
        {
          "option_id": 1,
          "text": "Where are you?",
          "is_correct": true
        },
        {
          "option_id": 2,
          "text": "I am here.",
          "is_correct": false
        },
        {
          "option_id": 3,
          "text": "She runs.",
          "is_correct": false
        },
        {
          "option_id": 4,
          "text": "This is a pen.",
          "is_correct": false
        }
      ],
      "answer": "Where are you?"
    },
    {
      "question_id": 8,
      "question_type": "MCQ",
      "question": "Which sentence shows feeling? (45-8)",
      "options": [
        {
          "option_id": 1,
          "text": "Wow!",
          "is_correct": true
        },
        {
          "option_id": 2,
          "text": "I run.",
          "is_correct": false
        },
        {
          "option_id": 3,
          "text": "This is a pen.",
          "is_correct": false
        },
        {
          "option_id": 4,
          "text": "She eats.",
          "is_correct": false
        }
      ],
      "answer": "Wow!"
    },
    {
      "question_id": 9,
      "question_type": "MCQ",
      "question": "Which sentence ends with full stop? (45-9)",
      "options": [
        {
          "option_id": 1,
          "text": "I like milk.",
          "is_correct": true
        },
        {
          "option_id": 2,
          "text": "I like milk",
          "is_correct": false
        },
        {
          "option_id": 3,
          "text": "I like milk?",
          "is_correct": false
        },
        {
          "option_id": 4,
          "text": "I like milk!",
          "is_correct": false
        }
      ],
      "answer": "I like milk."
    },
    {
      "question_id": 10,
      "question_type": "MCQ",
      "question": "Which mark is used for feeling? (45-10)",
      "options": [
        {
          "option_id": 1,
          "text": "!",
          "is_correct": true
        },
        {
          "option_id": 2,
          "text": ".",
          "is_correct": false
        },
        {
          "option_id": 3,
          "text": "?",
          "is_correct": false
        },
        {
          "option_id": 4,
          "text": ",",
          "is_correct": false
        }
      ],
      "answer": "!"
    },
    {
      "question_id": 11,
      "question_type": "MCQ",
      "question": "Which is a correct sentence? (45-11)",
      "options": [
        {
          "option_id": 1,
          "text": "She is my friend.",
          "is_correct": true
        },
        {
          "option_id": 2,
          "text": "She my friend is.",
          "is_correct": false
        },
        {
          "option_id": 3,
          "text": "My friend she is.",
          "is_correct": false
        },
        {
          "option_id": 4,
          "text": "Is she my friend.",
          "is_correct": false
        }
      ],
      "answer": "She is my friend."
    },
    {
      "question_id": 12,
      "question_type": "MCQ",
      "question": "Which sentence is a question? (45-12)",
      "options": [
        {
          "option_id": 1,
          "text": "Where are you?",
          "is_correct": true
        },
        {
          "option_id": 2,
          "text": "I am here.",
          "is_correct": false
        },
        {
          "option_id": 3,
          "text": "She runs.",
          "is_correct": false
        },
        {
          "option_id": 4,
          "text": "This is a pen.",
          "is_correct": false
        }
      ],
      "answer": "Where are you?"
    },
    {
      "question_id": 13,
      "question_type": "MCQ",
      "question": "Which sentence shows feeling? (45-13)",
      "options": [
        {
          "option_id": 1,
          "text": "Wow!",
          "is_correct": true
        },
        {
          "option_id": 2,
          "text": "I run.",
          "is_correct": false
        },
        {
          "option_id": 3,
          "text": "This is a pen.",
          "is_correct": false
        },
        {
          "option_id": 4,
          "text": "She eats.",
          "is_correct": false
        }
      ],
      "answer": "Wow!"
    },
    {
      "question_id": 14,
      "question_type": "MCQ",
      "question": "Which sentence ends with full stop? (45-14)",
      "options": [
        {
          "option_id": 1,
          "text": "I like milk.",
          "is_correct": true
        },
        {
          "option_id": 2,
          "text": "I like milk",
          "is_correct": false
        },
        {
          "option_id": 3,
          "text": "I like milk?",
          "is_correct": false
        },
        {
          "option_id": 4,
          "text": "I like milk!",
          "is_correct": false
        }
      ],
      "answer": "I like milk."
    },
    {
      "question_id": 15,
      "question_type": "MCQ",
      "question": "Which mark is used for feeling? (45-15)",
      "options": [
        {
          "option_id": 1,
          "text": "!",
          "is_correct": true
        },
        {
          "option_id": 2,
          "text": ".",
          "is_correct": false
        },
        {
          "option_id": 3,
          "text": "?",
          "is_correct": false
        },
        {
          "option_id": 4,
          "text": ",",
          "is_correct": false
        }
      ],
      "answer": "!"
    },
    {
      "question_id": 16,
      "question_type": "SHORT",
      "question": "What is a sentence?",
      "answer": "A sentence is a group of words that gives complete meaning."
    },
    {
      "question_id": 17,
      "question_type": "SHORT",
      "question": "Which mark is used at the end of a sentence?",
      "answer": "A full stop is used."
    },
    {
      "question_id": 18,
      "question_type": "SHORT",
      "question": "Which mark is used for a question?",
      "answer": "A question mark is used."
    },
    {
      "question_id": 19,
      "question_type": "SHORT",
      "question": "Which mark shows feeling?",
      "answer": "An exclamation mark shows feeling."
    },
    {
      "question_id": 20,
      "question_type": "SHORT",
      "question": "Why is punctuation important?",
      "answer": "Punctuation makes sentences clear."
    },
    {
      "question_id": 21,
      "question_type": "SHORT",
      "question": "What is a sentence? (45-6)",
      "answer": "A sentence is a group of words that gives complete meaning."
    },
    {
      "question_id": 22,
      "question_type": "SHORT",
      "question": "Which mark is used at the end of a sentence? (45-7)",
      "answer": "A full stop is used."
    },
    {
      "question_id": 23,
      "question_type": "SHORT",
      "question": "Which mark is used for a question? (45-8)",
      "answer": "A question mark is used."
    },
    {
      "question_id": 24,
      "question_type": "SHORT",
      "question": "Which mark shows feeling? (45-9)",
      "answer": "An exclamation mark shows feeling."
    },
    {
      "question_id": 25,
      "question_type": "SHORT",
      "question": "Why is punctuation important? (45-10)",
      "answer": "Punctuation makes sentences clear."
    },
    {
      "question_id": 26,
      "question_type": "SHORT",
      "question": "What is a sentence? (45-11)",
      "answer": "A sentence is a group of words that gives complete meaning."
    },
    {
      "question_id": 27,
      "question_type": "SHORT",
      "question": "Which mark is used at the end of a sentence? (45-12)",
      "answer": "A full stop is used."
    },
    {
      "question_id": 28,
      "question_type": "SHORT",
      "question": "Which mark is used for a question? (45-13)",
      "answer": "A question mark is used."
    },
    {
      "question_id": 29,
      "question_type": "SHORT",
      "question": "Which mark shows feeling? (45-14)",
      "answer": "An exclamation mark shows feeling."
    },
    {
      "question_id": 30,
      "question_type": "SHORT",
      "question": "Why is punctuation important? (45-15)",
      "answer": "Punctuation makes sentences clear."
    }
  ]
}