{
  "chapter_metadata": {
    "chapter_id": "03.Marathi.36",
    "standard": "3",
    "subject": "English",
    "medium": "Marathi",
    "chapter_name": "Conjunctions"
  },
  "questions": [
    {
      "question_id": 1,
      "question_type": "MCQ",
      "question": "Which word joins two sentences?",
      "options": [
        {
          "option_id": 1,
          "text": "And",
          "is_correct": true
        },
        {
          "option_id": 2,
          "text": "Run",
          "is_correct": false
        },
        {
          "option_id": 3,
          "text": "Pen",
          "is_correct": false
        },
        {
          "option_id": 4,
          "text": "Red",
          "is_correct": false
        }
      ],
      "answer": "And"
    },
    {
      "question_id": 2,
      "question_type": "MCQ",
      "question": "Which is a conjunction?",
      "options": [
        {
          "option_id": 1,
          "text": "But",
          "is_correct": true
        },
        {
          "option_id": 2,
          "text": "Eat",
          "is_correct": false
        },
        {
          "option_id": 3,
          "text": "Book",
          "is_correct": false
        },
        {
          "option_id": 4,
          "text": "Blue",
          "is_correct": false
        }
      ],
      "answer": "But"
    },
    {
      "question_id": 3,
      "question_type": "MCQ",
      "question": "Which word joins ideas?",
      "options": [
        {
          "option_id": 1,
          "text": "Or",
          "is_correct": true
        },
        {
          "option_id": 2,
          "text": "Play",
          "is_correct": false
        },
        {
          "option_id": 3,
          "text": "Chair",
          "is_correct": false
        },
        {
          "option_id": 4,
          "text": "Big",
          "is_correct": false
        }
      ],
      "answer": "Or"
    },
    {
      "question_id": 4,
      "question_type": "MCQ",
      "question": "Which sentence uses a conjunction?",
      "options": [
        {
          "option_id": 1,
          "text": "I like apples and bananas.",
          "is_correct": true
        },
        {
          "option_id": 2,
          "text": "I run.",
          "is_correct": false
        },
        {
          "option_id": 3,
          "text": "She sings.",
          "is_correct": false
        },
        {
          "option_id": 4,
          "text": "This is a pen.",
          "is_correct": false
        }
      ],
      "answer": "I like apples and bananas."
    },
    {
      "question_id": 5,
      "question_type": "MCQ",
      "question": "Which word shows a choice?",
      "options": [
        {
          "option_id": 1,
          "text": "Or",
          "is_correct": true
        },
        {
          "option_id": 2,
          "text": "Run",
          "is_correct": false
        },
        {
          "option_id": 3,
          "text": "Table",
          "is_correct": false
        },
        {
          "option_id": 4,
          "text": "Apple",
          "is_correct": false
        }
      ],
      "answer": "Or"
    },
    {
      "question_id": 6,
      "question_type": "MCQ",
      "question": "Which word joins two sentences? (36-6)",
      "options": [
        {
          "option_id": 1,
          "text": "And",
          "is_correct": true
        },
        {
          "option_id": 2,
          "text": "Run",
          "is_correct": false
        },
        {
          "option_id": 3,
          "text": "Pen",
          "is_correct": false
        },
        {
          "option_id": 4,
          "text": "Red",
          "is_correct": false
        }
      ],
      "answer": "And"
    },
    {
      "question_id": 7,
      "question_type": "MCQ",
      "question": "Which is a conjunction? (36-7)",
      "options": [
        {
          "option_id": 1,
          "text": "But",
          "is_correct": true
        },
        {
          "option_id": 2,
          "text": "Eat",
          "is_correct": false
        },
        {
          "option_id": 3,
          "text": "Book",
          "is_correct": false
        },
        {
          "option_id": 4,
          "text": "Blue",
          "is_correct": false
        }
      ],
      "answer": "But"
    },
    {
      "question_id": 8,
      "question_type": "MCQ",
      "question": "Which word joins ideas? (36-8)",
      "options": [
        {
          "option_id": 1,
          "text": "Or",
          "is_correct": true
        },
        {
          "option_id": 2,
          "text": "Play",
          "is_correct": false
        },
        {
          "option_id": 3,
          "text": "Chair",
          "is_correct": false
        },
        {
          "option_id": 4,
          "text": "Big",
          "is_correct": false
        }
      ],
      "answer": "Or"
    },
    {
      "question_id": 9,
      "question_type": "MCQ",
      "question": "Which sentence uses a conjunction? (36-9)",
      "options": [
        {
          "option_id": 1,
          "text": "I like apples and bananas.",
          "is_correct": true
        },
        {
          "option_id": 2,
          "text": "I run.",
          "is_correct": false
        },
        {
          "option_id": 3,
          "text": "She sings.",
          "is_correct": false
        },
        {
          "option_id": 4,
          "text": "This is a pen.",
          "is_correct": false
        }
      ],
      "answer": "I like apples and bananas."
    },
    {
      "question_id": 10,
      "question_type": "MCQ",
      "question": "Which word shows a choice? (36-10)",
      "options": [
        {
          "option_id": 1,
          "text": "Or",
          "is_correct": true
        },
        {
          "option_id": 2,
          "text": "Run",
          "is_correct": false
        },
        {
          "option_id": 3,
          "text": "Table",
          "is_correct": false
        },
        {
          "option_id": 4,
          "text": "Apple",
          "is_correct": false
        }
      ],
      "answer": "Or"
    },
    {
      "question_id": 11,
      "question_type": "MCQ",
      "question": "Which word joins two sentences? (36-11)",
      "options": [
        {
          "option_id": 1,
          "text": "And",
          "is_correct": true
        },
        {
          "option_id": 2,
          "text": "Run",
          "is_correct": false
        },
        {
          "option_id": 3,
          "text": "Pen",
          "is_correct": false
        },
        {
          "option_id": 4,
          "text": "Red",
          "is_correct": false
        }
      ],
      "answer": "And"
    },
    {
      "question_id": 12,
      "question_type": "MCQ",
      "question": "Which is a conjunction? (36-12)",
      "options": [
        {
          "option_id": 1,
          "text": "But",
          "is_correct": true
        },
        {
          "option_id": 2,
          "text": "Eat",
          "is_correct": false
        },
        {
          "option_id": 3,
          "text": "Book",
          "is_correct": false
        },
        {
          "option_id": 4,
          "text": "Blue",
          "is_correct": false
        }
      ],
      "answer": "But"
    },
    {
      "question_id": 13,
      "question_type": "MCQ",
      "question": "Which word joins ideas? (36-13)",
      "options": [
        {
          "option_id": 1,
          "text": "Or",
          "is_correct": true
        },
        {
          "option_id": 2,
          "text": "Play",
          "is_correct": false
        },
        {
          "option_id": 3,
          "text": "Chair",
          "is_correct": false
        },
        {
          "option_id": 4,
          "text": "Big",
          "is_correct": false
        }
      ],
      "answer": "Or"
    },
    {
      "question_id": 14,
      "question_type": "MCQ",
      "question": "Which sentence uses a conjunction? (36-14)",
      "options": [
        {
          "option_id": 1,
          "text": "I like apples and bananas.",
          "is_correct": true
        },
        {
          "option_id": 2,
          "text": "I run.",
          "is_correct": false
        },
        {
          "option_id": 3,
          "text": "She sings.",
          "is_correct": false
        },
        {
          "option_id": 4,
          "text": "This is a pen.",
          "is_correct": false
        }
      ],
      "answer": "I like apples and bananas."
    },
    {
      "question_id": 15,
      "question_type": "MCQ",
      "question": "Which word shows a choice? (36-15)",
      "options": [
        {
          "option_id": 1,
          "text": "Or",
          "is_correct": true
        },
        {
          "option_id": 2,
          "text": "Run",
          "is_correct": false
        },
        {
          "option_id": 3,
          "text": "Table",
          "is_correct": false
        },
        {
          "option_id": 4,
          "text": "Apple",
          "is_correct": false
        }
      ],
      "answer": "Or"
    },
    {
      "question_id": 16,
      "question_type": "SHORT",
      "question": "What is a conjunction?",
      "answer": "A conjunction joins words or sentences."
    },
    {
      "question_id": 17,
      "question_type": "SHORT",
      "question": "Give one example of a conjunction.",
      "answer": "And is a conjunction."
    },
    {
      "question_id": 18,
      "question_type": "SHORT",
      "question": "Write one sentence using 'and'.",
      "answer": "I like apples and bananas."
    },
    {
      "question_id": 19,
      "question_type": "SHORT",
      "question": "Write one sentence using 'but'.",
      "answer": "I am small but strong."
    },
    {
      "question_id": 20,
      "question_type": "SHORT",
      "question": "Why do we use conjunctions?",
      "answer": "We use conjunctions to join ideas."
    },
    {
      "question_id": 21,
      "question_type": "SHORT",
      "question": "What is a conjunction? (36-6)",
      "answer": "A conjunction joins words or sentences."
    },
    {
      "question_id": 22,
      "question_type": "SHORT",
      "question": "Give one example of a conjunction. (36-7)",
      "answer": "And is a conjunction."
    },
    {
      "question_id": 23,
      "question_type": "SHORT",
      "question": "Write one sentence using 'and'. (36-8)",
      "answer": "I like apples and bananas."
    },
    {
      "question_id": 24,
      "question_type": "SHORT",
      "question": "Write one sentence using 'but'. (36-9)",
      "answer": "I am small but strong."
    },
    {
      "question_id": 25,
      "question_type": "SHORT",
      "question": "Why do we use conjunctions? (36-10)",
      "answer": "We use conjunctions to join ideas."
    },
    {
      "question_id": 26,
      "question_type": "SHORT",
      "question": "What is a conjunction? (36-11)",
      "answer": "A conjunction joins words or sentences."
    },
    {
      "question_id": 27,
      "question_type": "SHORT",
      "question": "Give one example of a conjunction. (36-12)",
      "answer": "And is a conjunction."
    },
    {
      "question_id": 28,
      "question_type": "SHORT",
      "question": "Write one sentence using 'and'. (36-13)",
      "answer": "I like apples and bananas."
    },
    {
      "question_id": 29,
      "question_type": "SHORT",
      "question": "Write one sentence using 'but'. (36-14)",
      "answer": "I am small but strong."
    },
    {
      "question_id": 30,
      "question_type": "SHORT",
      "question": "Why do we use conjunctions? (36-15)",
      "answer": "We use conjunctions to join ideas."
    }
  ]
}