{
  "chapter_metadata": {
    "chapter_id": "03.Marathi.43",
    "standard": "3",
    "subject": "English",
    "medium": "Marathi",
    "chapter_name": "Synonyms"
  },
  "questions": [
    {
      "question_id": 1,
      "question_type": "MCQ",
      "question": "Which word means same as 'big'?",
      "options": [
        {
          "option_id": 1,
          "text": "Large",
          "is_correct": true
        },
        {
          "option_id": 2,
          "text": "Run",
          "is_correct": false
        },
        {
          "option_id": 3,
          "text": "Pen",
          "is_correct": false
        },
        {
          "option_id": 4,
          "text": "Cat",
          "is_correct": false
        }
      ],
      "answer": "Large"
    },
    {
      "question_id": 2,
      "question_type": "MCQ",
      "question": "Which word means same as 'happy'?",
      "options": [
        {
          "option_id": 1,
          "text": "Glad",
          "is_correct": true
        },
        {
          "option_id": 2,
          "text": "Eat",
          "is_correct": false
        },
        {
          "option_id": 3,
          "text": "Play",
          "is_correct": false
        },
        {
          "option_id": 4,
          "text": "Book",
          "is_correct": false
        }
      ],
      "answer": "Glad"
    },
    {
      "question_id": 3,
      "question_type": "MCQ",
      "question": "Which is a synonym of 'fast'?",
      "options": [
        {
          "option_id": 1,
          "text": "Quick",
          "is_correct": true
        },
        {
          "option_id": 2,
          "text": "Slow",
          "is_correct": false
        },
        {
          "option_id": 3,
          "text": "Pen",
          "is_correct": false
        },
        {
          "option_id": 4,
          "text": "Blue",
          "is_correct": false
        }
      ],
      "answer": "Quick"
    },
    {
      "question_id": 4,
      "question_type": "MCQ",
      "question": "Which word means same as 'small'?",
      "options": [
        {
          "option_id": 1,
          "text": "Tiny",
          "is_correct": true
        },
        {
          "option_id": 2,
          "text": "Run",
          "is_correct": false
        },
        {
          "option_id": 3,
          "text": "Chair",
          "is_correct": false
        },
        {
          "option_id": 4,
          "text": "Red",
          "is_correct": false
        }
      ],
      "answer": "Tiny"
    },
    {
      "question_id": 5,
      "question_type": "MCQ",
      "question": "Which pair are same in meaning?",
      "options": [
        {
          "option_id": 1,
          "text": "Begin – Start",
          "is_correct": true
        },
        {
          "option_id": 2,
          "text": "Pen – Book",
          "is_correct": false
        },
        {
          "option_id": 3,
          "text": "Cat – Dog",
          "is_correct": false
        },
        {
          "option_id": 4,
          "text": "Red – Blue",
          "is_correct": false
        }
      ],
      "answer": "Begin – Start"
    },
    {
      "question_id": 6,
      "question_type": "MCQ",
      "question": "Which word means same as 'big'? (43-6)",
      "options": [
        {
          "option_id": 1,
          "text": "Large",
          "is_correct": true
        },
        {
          "option_id": 2,
          "text": "Run",
          "is_correct": false
        },
        {
          "option_id": 3,
          "text": "Pen",
          "is_correct": false
        },
        {
          "option_id": 4,
          "text": "Cat",
          "is_correct": false
        }
      ],
      "answer": "Large"
    },
    {
      "question_id": 7,
      "question_type": "MCQ",
      "question": "Which word means same as 'happy'? (43-7)",
      "options": [
        {
          "option_id": 1,
          "text": "Glad",
          "is_correct": true
        },
        {
          "option_id": 2,
          "text": "Eat",
          "is_correct": false
        },
        {
          "option_id": 3,
          "text": "Play",
          "is_correct": false
        },
        {
          "option_id": 4,
          "text": "Book",
          "is_correct": false
        }
      ],
      "answer": "Glad"
    },
    {
      "question_id": 8,
      "question_type": "MCQ",
      "question": "Which is a synonym of 'fast'? (43-8)",
      "options": [
        {
          "option_id": 1,
          "text": "Quick",
          "is_correct": true
        },
        {
          "option_id": 2,
          "text": "Slow",
          "is_correct": false
        },
        {
          "option_id": 3,
          "text": "Pen",
          "is_correct": false
        },
        {
          "option_id": 4,
          "text": "Blue",
          "is_correct": false
        }
      ],
      "answer": "Quick"
    },
    {
      "question_id": 9,
      "question_type": "MCQ",
      "question": "Which word means same as 'small'? (43-9)",
      "options": [
        {
          "option_id": 1,
          "text": "Tiny",
          "is_correct": true
        },
        {
          "option_id": 2,
          "text": "Run",
          "is_correct": false
        },
        {
          "option_id": 3,
          "text": "Chair",
          "is_correct": false
        },
        {
          "option_id": 4,
          "text": "Red",
          "is_correct": false
        }
      ],
      "answer": "Tiny"
    },
    {
      "question_id": 10,
      "question_type": "MCQ",
      "question": "Which pair are same in meaning? (43-10)",
      "options": [
        {
          "option_id": 1,
          "text": "Begin – Start",
          "is_correct": true
        },
        {
          "option_id": 2,
          "text": "Pen – Book",
          "is_correct": false
        },
        {
          "option_id": 3,
          "text": "Cat – Dog",
          "is_correct": false
        },
        {
          "option_id": 4,
          "text": "Red – Blue",
          "is_correct": false
        }
      ],
      "answer": "Begin – Start"
    },
    {
      "question_id": 11,
      "question_type": "MCQ",
      "question": "Which word means same as 'big'? (43-11)",
      "options": [
        {
          "option_id": 1,
          "text": "Large",
          "is_correct": true
        },
        {
          "option_id": 2,
          "text": "Run",
          "is_correct": false
        },
        {
          "option_id": 3,
          "text": "Pen",
          "is_correct": false
        },
        {
          "option_id": 4,
          "text": "Cat",
          "is_correct": false
        }
      ],
      "answer": "Large"
    },
    {
      "question_id": 12,
      "question_type": "MCQ",
      "question": "Which word means same as 'happy'? (43-12)",
      "options": [
        {
          "option_id": 1,
          "text": "Glad",
          "is_correct": true
        },
        {
          "option_id": 2,
          "text": "Eat",
          "is_correct": false
        },
        {
          "option_id": 3,
          "text": "Play",
          "is_correct": false
        },
        {
          "option_id": 4,
          "text": "Book",
          "is_correct": false
        }
      ],
      "answer": "Glad"
    },
    {
      "question_id": 13,
      "question_type": "MCQ",
      "question": "Which is a synonym of 'fast'? (43-13)",
      "options": [
        {
          "option_id": 1,
          "text": "Quick",
          "is_correct": true
        },
        {
          "option_id": 2,
          "text": "Slow",
          "is_correct": false
        },
        {
          "option_id": 3,
          "text": "Pen",
          "is_correct": false
        },
        {
          "option_id": 4,
          "text": "Blue",
          "is_correct": false
        }
      ],
      "answer": "Quick"
    },
    {
      "question_id": 14,
      "question_type": "MCQ",
      "question": "Which word means same as 'small'? (43-14)",
      "options": [
        {
          "option_id": 1,
          "text": "Tiny",
          "is_correct": true
        },
        {
          "option_id": 2,
          "text": "Run",
          "is_correct": false
        },
        {
          "option_id": 3,
          "text": "Chair",
          "is_correct": false
        },
        {
          "option_id": 4,
          "text": "Red",
          "is_correct": false
        }
      ],
      "answer": "Tiny"
    },
    {
      "question_id": 15,
      "question_type": "MCQ",
      "question": "Which pair are same in meaning? (43-15)",
      "options": [
        {
          "option_id": 1,
          "text": "Begin – Start",
          "is_correct": true
        },
        {
          "option_id": 2,
          "text": "Pen – Book",
          "is_correct": false
        },
        {
          "option_id": 3,
          "text": "Cat – Dog",
          "is_correct": false
        },
        {
          "option_id": 4,
          "text": "Red – Blue",
          "is_correct": false
        }
      ],
      "answer": "Begin – Start"
    },
    {
      "question_id": 16,
      "question_type": "SHORT",
      "question": "What are synonyms?",
      "answer": "Synonyms are words with the same meaning."
    },
    {
      "question_id": 17,
      "question_type": "SHORT",
      "question": "Give one pair of synonyms.",
      "answer": "Big and large."
    },
    {
      "question_id": 18,
      "question_type": "SHORT",
      "question": "Write a synonym of 'happy'.",
      "answer": "Glad."
    },
    {
      "question_id": 19,
      "question_type": "SHORT",
      "question": "Write a synonym of 'fast'.",
      "answer": "Quick."
    },
    {
      "question_id": 20,
      "question_type": "SHORT",
      "question": "Why do we learn synonyms?",
      "answer": "We learn synonyms to improve our vocabulary."
    },
    {
      "question_id": 21,
      "question_type": "SHORT",
      "question": "What are synonyms? (43-6)",
      "answer": "Synonyms are words with the same meaning."
    },
    {
      "question_id": 22,
      "question_type": "SHORT",
      "question": "Give one pair of synonyms. (43-7)",
      "answer": "Big and large."
    },
    {
      "question_id": 23,
      "question_type": "SHORT",
      "question": "Write a synonym of 'happy'. (43-8)",
      "answer": "Glad."
    },
    {
      "question_id": 24,
      "question_type": "SHORT",
      "question": "Write a synonym of 'fast'. (43-9)",
      "answer": "Quick."
    },
    {
      "question_id": 25,
      "question_type": "SHORT",
      "question": "Why do we learn synonyms? (43-10)",
      "answer": "We learn synonyms to improve our vocabulary."
    },
    {
      "question_id": 26,
      "question_type": "SHORT",
      "question": "What are synonyms? (43-11)",
      "answer": "Synonyms are words with the same meaning."
    },
    {
      "question_id": 27,
      "question_type": "SHORT",
      "question": "Give one pair of synonyms. (43-12)",
      "answer": "Big and large."
    },
    {
      "question_id": 28,
      "question_type": "SHORT",
      "question": "Write a synonym of 'happy'. (43-13)",
      "answer": "Glad."
    },
    {
      "question_id": 29,
      "question_type": "SHORT",
      "question": "Write a synonym of 'fast'. (43-14)",
      "answer": "Quick."
    },
    {
      "question_id": 30,
      "question_type": "SHORT",
      "question": "Why do we learn synonyms? (43-15)",
      "answer": "We learn synonyms to improve our vocabulary."
    }
  ]
}