{
  "chapter_metadata": {
    "chapter_id": "03.Marathi.59",
    "standard": "3",
    "subject": "English",
    "medium": "Marathi",
    "chapter_name": "In the World of Letters"
  },
  "questions": [
    {
      "question_id": 1,
      "question_type": "MCQ",
      "question": "What did 'a' do in the poem?",
      "options": [
        {
          "option_id": 1,
          "text": "Ate an apple",
          "is_correct": true
        },
        {
          "option_id": 2,
          "text": "Ran fast",
          "is_correct": false
        },
        {
          "option_id": 3,
          "text": "Climbed a tree",
          "is_correct": false
        },
        {
          "option_id": 4,
          "text": "Drew a doll",
          "is_correct": false
        }
      ],
      "answer": "Ate an apple"
    },
    {
      "question_id": 2,
      "question_type": "MCQ",
      "question": "What did 'b' do?",
      "options": [
        {
          "option_id": 1,
          "text": "Bounced a ball",
          "is_correct": true
        },
        {
          "option_id": 2,
          "text": "Broke a box",
          "is_correct": false
        },
        {
          "option_id": 3,
          "text": "Bought a book",
          "is_correct": false
        },
        {
          "option_id": 4,
          "text": "Built a house",
          "is_correct": false
        }
      ],
      "answer": "Bounced a ball"
    },
    {
      "question_id": 3,
      "question_type": "MCQ",
      "question": "What did 'c' do?",
      "options": [
        {
          "option_id": 1,
          "text": "Cut a carrot",
          "is_correct": true
        },
        {
          "option_id": 2,
          "text": "Climbed a hill",
          "is_correct": false
        },
        {
          "option_id": 3,
          "text": "Caught a cat",
          "is_correct": false
        },
        {
          "option_id": 4,
          "text": "Closed a door",
          "is_correct": false
        }
      ],
      "answer": "Cut a carrot"
    },
    {
      "question_id": 4,
      "question_type": "MCQ",
      "question": "What did 'd' do?",
      "options": [
        {
          "option_id": 1,
          "text": "Dressed a doll",
          "is_correct": true
        },
        {
          "option_id": 2,
          "text": "Dug a pit",
          "is_correct": false
        },
        {
          "option_id": 3,
          "text": "Drew a map",
          "is_correct": false
        },
        {
          "option_id": 4,
          "text": "Dropped a pen",
          "is_correct": false
        }
      ],
      "answer": "Dressed a doll"
    },
    {
      "question_id": 5,
      "question_type": "MCQ",
      "question": "What did 'j' do?",
      "options": [
        {
          "option_id": 1,
          "text": "Jumped and jogged",
          "is_correct": true
        },
        {
          "option_id": 2,
          "text": "Joined a line",
          "is_correct": false
        },
        {
          "option_id": 3,
          "text": "Joked loudly",
          "is_correct": false
        },
        {
          "option_id": 4,
          "text": "Juggled balls",
          "is_correct": false
        }
      ],
      "answer": "Jumped and jogged"
    },
    {
      "question_id": 6,
      "question_type": "MCQ",
      "question": "What did 'a' do in the poem?",
      "options": [
        {
          "option_id": 1,
          "text": "Ate an apple",
          "is_correct": true
        },
        {
          "option_id": 2,
          "text": "Ran fast",
          "is_correct": false
        },
        {
          "option_id": 3,
          "text": "Climbed a tree",
          "is_correct": false
        },
        {
          "option_id": 4,
          "text": "Drew a doll",
          "is_correct": false
        }
      ],
      "answer": "Ate an apple"
    },
    {
      "question_id": 7,
      "question_type": "MCQ",
      "question": "What did 'b' do?",
      "options": [
        {
          "option_id": 1,
          "text": "Bounced a ball",
          "is_correct": true
        },
        {
          "option_id": 2,
          "text": "Broke a box",
          "is_correct": false
        },
        {
          "option_id": 3,
          "text": "Bought a book",
          "is_correct": false
        },
        {
          "option_id": 4,
          "text": "Built a house",
          "is_correct": false
        }
      ],
      "answer": "Bounced a ball"
    },
    {
      "question_id": 8,
      "question_type": "MCQ",
      "question": "What did 'c' do?",
      "options": [
        {
          "option_id": 1,
          "text": "Cut a carrot",
          "is_correct": true
        },
        {
          "option_id": 2,
          "text": "Climbed a hill",
          "is_correct": false
        },
        {
          "option_id": 3,
          "text": "Caught a cat",
          "is_correct": false
        },
        {
          "option_id": 4,
          "text": "Closed a door",
          "is_correct": false
        }
      ],
      "answer": "Cut a carrot"
    },
    {
      "question_id": 9,
      "question_type": "MCQ",
      "question": "What did 'd' do?",
      "options": [
        {
          "option_id": 1,
          "text": "Dressed a doll",
          "is_correct": true
        },
        {
          "option_id": 2,
          "text": "Dug a pit",
          "is_correct": false
        },
        {
          "option_id": 3,
          "text": "Drew a map",
          "is_correct": false
        },
        {
          "option_id": 4,
          "text": "Dropped a pen",
          "is_correct": false
        }
      ],
      "answer": "Dressed a doll"
    },
    {
      "question_id": 10,
      "question_type": "MCQ",
      "question": "What did 'j' do?",
      "options": [
        {
          "option_id": 1,
          "text": "Jumped and jogged",
          "is_correct": true
        },
        {
          "option_id": 2,
          "text": "Joined a line",
          "is_correct": false
        },
        {
          "option_id": 3,
          "text": "Joked loudly",
          "is_correct": false
        },
        {
          "option_id": 4,
          "text": "Juggled balls",
          "is_correct": false
        }
      ],
      "answer": "Jumped and jogged"
    },
    {
      "question_id": 11,
      "question_type": "MCQ",
      "question": "What did 'a' do in the poem?",
      "options": [
        {
          "option_id": 1,
          "text": "Ate an apple",
          "is_correct": true
        },
        {
          "option_id": 2,
          "text": "Ran fast",
          "is_correct": false
        },
        {
          "option_id": 3,
          "text": "Climbed a tree",
          "is_correct": false
        },
        {
          "option_id": 4,
          "text": "Drew a doll",
          "is_correct": false
        }
      ],
      "answer": "Ate an apple"
    },
    {
      "question_id": 12,
      "question_type": "MCQ",
      "question": "What did 'b' do?",
      "options": [
        {
          "option_id": 1,
          "text": "Bounced a ball",
          "is_correct": true
        },
        {
          "option_id": 2,
          "text": "Broke a box",
          "is_correct": false
        },
        {
          "option_id": 3,
          "text": "Bought a book",
          "is_correct": false
        },
        {
          "option_id": 4,
          "text": "Built a house",
          "is_correct": false
        }
      ],
      "answer": "Bounced a ball"
    },
    {
      "question_id": 13,
      "question_type": "MCQ",
      "question": "What did 'c' do?",
      "options": [
        {
          "option_id": 1,
          "text": "Cut a carrot",
          "is_correct": true
        },
        {
          "option_id": 2,
          "text": "Climbed a hill",
          "is_correct": false
        },
        {
          "option_id": 3,
          "text": "Caught a cat",
          "is_correct": false
        },
        {
          "option_id": 4,
          "text": "Closed a door",
          "is_correct": false
        }
      ],
      "answer": "Cut a carrot"
    },
    {
      "question_id": 14,
      "question_type": "MCQ",
      "question": "What did 'd' do?",
      "options": [
        {
          "option_id": 1,
          "text": "Dressed a doll",
          "is_correct": true
        },
        {
          "option_id": 2,
          "text": "Dug a pit",
          "is_correct": false
        },
        {
          "option_id": 3,
          "text": "Drew a map",
          "is_correct": false
        },
        {
          "option_id": 4,
          "text": "Dropped a pen",
          "is_correct": false
        }
      ],
      "answer": "Dressed a doll"
    },
    {
      "question_id": 15,
      "question_type": "MCQ",
      "question": "What did 'j' do?",
      "options": [
        {
          "option_id": 1,
          "text": "Jumped and jogged",
          "is_correct": true
        },
        {
          "option_id": 2,
          "text": "Joined a line",
          "is_correct": false
        },
        {
          "option_id": 3,
          "text": "Joked loudly",
          "is_correct": false
        },
        {
          "option_id": 4,
          "text": "Juggled balls",
          "is_correct": false
        }
      ],
      "answer": "Jumped and jogged"
    },
    {
      "question_id": 16,
      "question_type": "SHORT",
      "question": "What is this lesson about?",
      "answer": "It is about letters and their actions."
    },
    {
      "question_id": 17,
      "question_type": "SHORT",
      "question": "What did 'a' do?",
      "answer": "A ate an apple."
    },
    {
      "question_id": 18,
      "question_type": "SHORT",
      "question": "Write one action done by any letter.",
      "answer": "B bounced a ball."
    },
    {
      "question_id": 19,
      "question_type": "SHORT",
      "question": "Why is this poem fun to read?",
      "answer": "Because each letter does an action."
    },
    {
      "question_id": 20,
      "question_type": "SHORT",
      "question": "Write one sentence from the poem.",
      "answer": "C cut a carrot."
    },
    {
      "question_id": 21,
      "question_type": "SHORT",
      "question": "What is this lesson about?",
      "answer": "It is about letters and their actions."
    },
    {
      "question_id": 22,
      "question_type": "SHORT",
      "question": "What did 'a' do?",
      "answer": "A ate an apple."
    },
    {
      "question_id": 23,
      "question_type": "SHORT",
      "question": "Write one action done by any letter.",
      "answer": "B bounced a ball."
    },
    {
      "question_id": 24,
      "question_type": "SHORT",
      "question": "Why is this poem fun to read?",
      "answer": "Because each letter does an action."
    },
    {
      "question_id": 25,
      "question_type": "SHORT",
      "question": "Write one sentence from the poem.",
      "answer": "C cut a carrot."
    },
    {
      "question_id": 26,
      "question_type": "SHORT",
      "question": "What is this lesson about?",
      "answer": "It is about letters and their actions."
    },
    {
      "question_id": 27,
      "question_type": "SHORT",
      "question": "What did 'a' do?",
      "answer": "A ate an apple."
    },
    {
      "question_id": 28,
      "question_type": "SHORT",
      "question": "Write one action done by any letter.",
      "answer": "B bounced a ball."
    },
    {
      "question_id": 29,
      "question_type": "SHORT",
      "question": "Why is this poem fun to read?",
      "answer": "Because each letter does an action."
    },
    {
      "question_id": 30,
      "question_type": "SHORT",
      "question": "Write one sentence from the poem.",
      "answer": "C cut a carrot."
    }
  ]
}