{
  "chapter_metadata": {
    "chapter_id": "03.Marathi.34",
    "standard": "3",
    "subject": "English",
    "medium": "Marathi",
    "chapter_name": "Present Tense"
  },
  "questions": [
    {
      "question_id": 1,
      "question_type": "MCQ",
      "question": "Which sentence is in present tense?",
      "options": [
        {
          "option_id": 1,
          "text": "I eat.",
          "is_correct": true
        },
        {
          "option_id": 2,
          "text": "I ate.",
          "is_correct": false
        },
        {
          "option_id": 3,
          "text": "I will eat.",
          "is_correct": false
        },
        {
          "option_id": 4,
          "text": "I was eating.",
          "is_correct": false
        }
      ],
      "answer": "I eat."
    },
    {
      "question_id": 2,
      "question_type": "MCQ",
      "question": "Which word shows present action?",
      "options": [
        {
          "option_id": 1,
          "text": "Play",
          "is_correct": true
        },
        {
          "option_id": 2,
          "text": "Played",
          "is_correct": false
        },
        {
          "option_id": 3,
          "text": "Will play",
          "is_correct": false
        },
        {
          "option_id": 4,
          "text": "Was playing",
          "is_correct": false
        }
      ],
      "answer": "Play"
    },
    {
      "question_id": 3,
      "question_type": "MCQ",
      "question": "Which sentence shows present time?",
      "options": [
        {
          "option_id": 1,
          "text": "She reads.",
          "is_correct": true
        },
        {
          "option_id": 2,
          "text": "She read.",
          "is_correct": false
        },
        {
          "option_id": 3,
          "text": "She will read.",
          "is_correct": false
        },
        {
          "option_id": 4,
          "text": "She was reading.",
          "is_correct": false
        }
      ],
      "answer": "She reads."
    },
    {
      "question_id": 4,
      "question_type": "MCQ",
      "question": "Which is correct present tense?",
      "options": [
        {
          "option_id": 1,
          "text": "They run.",
          "is_correct": true
        },
        {
          "option_id": 2,
          "text": "They ran.",
          "is_correct": false
        },
        {
          "option_id": 3,
          "text": "They will run.",
          "is_correct": false
        },
        {
          "option_id": 4,
          "text": "They were running.",
          "is_correct": false
        }
      ],
      "answer": "They run."
    },
    {
      "question_id": 5,
      "question_type": "MCQ",
      "question": "Which verb is in present tense?",
      "options": [
        {
          "option_id": 1,
          "text": "Sing",
          "is_correct": true
        },
        {
          "option_id": 2,
          "text": "Sang",
          "is_correct": false
        },
        {
          "option_id": 3,
          "text": "Will sing",
          "is_correct": false
        },
        {
          "option_id": 4,
          "text": "Was singing",
          "is_correct": false
        }
      ],
      "answer": "Sing"
    },
    {
      "question_id": 6,
      "question_type": "MCQ",
      "question": "Which sentence is in present tense? (34-6)",
      "options": [
        {
          "option_id": 1,
          "text": "I eat.",
          "is_correct": true
        },
        {
          "option_id": 2,
          "text": "I ate.",
          "is_correct": false
        },
        {
          "option_id": 3,
          "text": "I will eat.",
          "is_correct": false
        },
        {
          "option_id": 4,
          "text": "I was eating.",
          "is_correct": false
        }
      ],
      "answer": "I eat."
    },
    {
      "question_id": 7,
      "question_type": "MCQ",
      "question": "Which word shows present action? (34-7)",
      "options": [
        {
          "option_id": 1,
          "text": "Play",
          "is_correct": true
        },
        {
          "option_id": 2,
          "text": "Played",
          "is_correct": false
        },
        {
          "option_id": 3,
          "text": "Will play",
          "is_correct": false
        },
        {
          "option_id": 4,
          "text": "Was playing",
          "is_correct": false
        }
      ],
      "answer": "Play"
    },
    {
      "question_id": 8,
      "question_type": "MCQ",
      "question": "Which sentence shows present time? (34-8)",
      "options": [
        {
          "option_id": 1,
          "text": "She reads.",
          "is_correct": true
        },
        {
          "option_id": 2,
          "text": "She read.",
          "is_correct": false
        },
        {
          "option_id": 3,
          "text": "She will read.",
          "is_correct": false
        },
        {
          "option_id": 4,
          "text": "She was reading.",
          "is_correct": false
        }
      ],
      "answer": "She reads."
    },
    {
      "question_id": 9,
      "question_type": "MCQ",
      "question": "Which is correct present tense? (34-9)",
      "options": [
        {
          "option_id": 1,
          "text": "They run.",
          "is_correct": true
        },
        {
          "option_id": 2,
          "text": "They ran.",
          "is_correct": false
        },
        {
          "option_id": 3,
          "text": "They will run.",
          "is_correct": false
        },
        {
          "option_id": 4,
          "text": "They were running.",
          "is_correct": false
        }
      ],
      "answer": "They run."
    },
    {
      "question_id": 10,
      "question_type": "MCQ",
      "question": "Which verb is in present tense? (34-10)",
      "options": [
        {
          "option_id": 1,
          "text": "Sing",
          "is_correct": true
        },
        {
          "option_id": 2,
          "text": "Sang",
          "is_correct": false
        },
        {
          "option_id": 3,
          "text": "Will sing",
          "is_correct": false
        },
        {
          "option_id": 4,
          "text": "Was singing",
          "is_correct": false
        }
      ],
      "answer": "Sing"
    },
    {
      "question_id": 11,
      "question_type": "MCQ",
      "question": "Which sentence is in present tense? (34-11)",
      "options": [
        {
          "option_id": 1,
          "text": "I eat.",
          "is_correct": true
        },
        {
          "option_id": 2,
          "text": "I ate.",
          "is_correct": false
        },
        {
          "option_id": 3,
          "text": "I will eat.",
          "is_correct": false
        },
        {
          "option_id": 4,
          "text": "I was eating.",
          "is_correct": false
        }
      ],
      "answer": "I eat."
    },
    {
      "question_id": 12,
      "question_type": "MCQ",
      "question": "Which word shows present action? (34-12)",
      "options": [
        {
          "option_id": 1,
          "text": "Play",
          "is_correct": true
        },
        {
          "option_id": 2,
          "text": "Played",
          "is_correct": false
        },
        {
          "option_id": 3,
          "text": "Will play",
          "is_correct": false
        },
        {
          "option_id": 4,
          "text": "Was playing",
          "is_correct": false
        }
      ],
      "answer": "Play"
    },
    {
      "question_id": 13,
      "question_type": "MCQ",
      "question": "Which sentence shows present time? (34-13)",
      "options": [
        {
          "option_id": 1,
          "text": "She reads.",
          "is_correct": true
        },
        {
          "option_id": 2,
          "text": "She read.",
          "is_correct": false
        },
        {
          "option_id": 3,
          "text": "She will read.",
          "is_correct": false
        },
        {
          "option_id": 4,
          "text": "She was reading.",
          "is_correct": false
        }
      ],
      "answer": "She reads."
    },
    {
      "question_id": 14,
      "question_type": "MCQ",
      "question": "Which is correct present tense? (34-14)",
      "options": [
        {
          "option_id": 1,
          "text": "They run.",
          "is_correct": true
        },
        {
          "option_id": 2,
          "text": "They ran.",
          "is_correct": false
        },
        {
          "option_id": 3,
          "text": "They will run.",
          "is_correct": false
        },
        {
          "option_id": 4,
          "text": "They were running.",
          "is_correct": false
        }
      ],
      "answer": "They run."
    },
    {
      "question_id": 15,
      "question_type": "MCQ",
      "question": "Which verb is in present tense? (34-15)",
      "options": [
        {
          "option_id": 1,
          "text": "Sing",
          "is_correct": true
        },
        {
          "option_id": 2,
          "text": "Sang",
          "is_correct": false
        },
        {
          "option_id": 3,
          "text": "Will sing",
          "is_correct": false
        },
        {
          "option_id": 4,
          "text": "Was singing",
          "is_correct": false
        }
      ],
      "answer": "Sing"
    },
    {
      "question_id": 16,
      "question_type": "SHORT",
      "question": "What is present tense?",
      "answer": "Present tense shows actions happening now."
    },
    {
      "question_id": 17,
      "question_type": "SHORT",
      "question": "Give one example of present tense.",
      "answer": "I eat."
    },
    {
      "question_id": 18,
      "question_type": "SHORT",
      "question": "Write one sentence in present tense.",
      "answer": "She reads a book."
    },
    {
      "question_id": 19,
      "question_type": "SHORT",
      "question": "Which tense shows daily actions?",
      "answer": "Present tense shows daily actions."
    },
    {
      "question_id": 20,
      "question_type": "SHORT",
      "question": "Why do we use present tense?",
      "answer": "We use it to talk about actions happening now."
    },
    {
      "question_id": 21,
      "question_type": "SHORT",
      "question": "What is present tense? (34-6)",
      "answer": "Present tense shows actions happening now."
    },
    {
      "question_id": 22,
      "question_type": "SHORT",
      "question": "Give one example of present tense. (34-7)",
      "answer": "I eat."
    },
    {
      "question_id": 23,
      "question_type": "SHORT",
      "question": "Write one sentence in present tense. (34-8)",
      "answer": "She reads a book."
    },
    {
      "question_id": 24,
      "question_type": "SHORT",
      "question": "Which tense shows daily actions? (34-9)",
      "answer": "Present tense shows daily actions."
    },
    {
      "question_id": 25,
      "question_type": "SHORT",
      "question": "Why do we use present tense? (34-10)",
      "answer": "We use it to talk about actions happening now."
    },
    {
      "question_id": 26,
      "question_type": "SHORT",
      "question": "What is present tense? (34-11)",
      "answer": "Present tense shows actions happening now."
    },
    {
      "question_id": 27,
      "question_type": "SHORT",
      "question": "Give one example of present tense. (34-12)",
      "answer": "I eat."
    },
    {
      "question_id": 28,
      "question_type": "SHORT",
      "question": "Write one sentence in present tense. (34-13)",
      "answer": "She reads a book."
    },
    {
      "question_id": 29,
      "question_type": "SHORT",
      "question": "Which tense shows daily actions? (34-14)",
      "answer": "Present tense shows daily actions."
    },
    {
      "question_id": 30,
      "question_type": "SHORT",
      "question": "Why do we use present tense? (34-15)",
      "answer": "We use it to talk about actions happening now."
    }
  ]
}