{
  "chapter_metadata": {
    "chapter_id": "03.Marathi.29",
    "standard": "3",
    "subject": "English",
    "medium": "Marathi",
    "chapter_name": "Question Words"
  },
  "questions": [
    {
      "question_id": 1,
      "question_type": "MCQ",
      "question": "Which is a question word?",
      "options": [
        {
          "option_id": 1,
          "text": "What",
          "is_correct": true
        },
        {
          "option_id": 2,
          "text": "Run",
          "is_correct": false
        },
        {
          "option_id": 3,
          "text": "Pen",
          "is_correct": false
        },
        {
          "option_id": 4,
          "text": "Red",
          "is_correct": false
        }
      ],
      "answer": "What"
    },
    {
      "question_id": 2,
      "question_type": "MCQ",
      "question": "Which word is used to ask?",
      "options": [
        {
          "option_id": 1,
          "text": "Where",
          "is_correct": true
        },
        {
          "option_id": 2,
          "text": "Jump",
          "is_correct": false
        },
        {
          "option_id": 3,
          "text": "Cat",
          "is_correct": false
        },
        {
          "option_id": 4,
          "text": "Blue",
          "is_correct": false
        }
      ],
      "answer": "Where"
    },
    {
      "question_id": 3,
      "question_type": "MCQ",
      "question": "Which of these is a question?",
      "options": [
        {
          "option_id": 1,
          "text": "What is this?",
          "is_correct": true
        },
        {
          "option_id": 2,
          "text": "This is a pen.",
          "is_correct": false
        },
        {
          "option_id": 3,
          "text": "I run.",
          "is_correct": false
        },
        {
          "option_id": 4,
          "text": "She sings.",
          "is_correct": false
        }
      ],
      "answer": "What is this?"
    },
    {
      "question_id": 4,
      "question_type": "MCQ",
      "question": "Which word asks about place?",
      "options": [
        {
          "option_id": 1,
          "text": "Where",
          "is_correct": true
        },
        {
          "option_id": 2,
          "text": "Who",
          "is_correct": false
        },
        {
          "option_id": 3,
          "text": "What",
          "is_correct": false
        },
        {
          "option_id": 4,
          "text": "Why",
          "is_correct": false
        }
      ],
      "answer": "Where"
    },
    {
      "question_id": 5,
      "question_type": "MCQ",
      "question": "Which word asks about a person?",
      "options": [
        {
          "option_id": 1,
          "text": "Who",
          "is_correct": true
        },
        {
          "option_id": 2,
          "text": "What",
          "is_correct": false
        },
        {
          "option_id": 3,
          "text": "Where",
          "is_correct": false
        },
        {
          "option_id": 4,
          "text": "Why",
          "is_correct": false
        }
      ],
      "answer": "Who"
    },
    {
      "question_id": 6,
      "question_type": "MCQ",
      "question": "Which is a question word? (29-6)",
      "options": [
        {
          "option_id": 1,
          "text": "What",
          "is_correct": true
        },
        {
          "option_id": 2,
          "text": "Run",
          "is_correct": false
        },
        {
          "option_id": 3,
          "text": "Pen",
          "is_correct": false
        },
        {
          "option_id": 4,
          "text": "Red",
          "is_correct": false
        }
      ],
      "answer": "What"
    },
    {
      "question_id": 7,
      "question_type": "MCQ",
      "question": "Which word is used to ask? (29-7)",
      "options": [
        {
          "option_id": 1,
          "text": "Where",
          "is_correct": true
        },
        {
          "option_id": 2,
          "text": "Jump",
          "is_correct": false
        },
        {
          "option_id": 3,
          "text": "Cat",
          "is_correct": false
        },
        {
          "option_id": 4,
          "text": "Blue",
          "is_correct": false
        }
      ],
      "answer": "Where"
    },
    {
      "question_id": 8,
      "question_type": "MCQ",
      "question": "Which of these is a question? (29-8)",
      "options": [
        {
          "option_id": 1,
          "text": "What is this?",
          "is_correct": true
        },
        {
          "option_id": 2,
          "text": "This is a pen.",
          "is_correct": false
        },
        {
          "option_id": 3,
          "text": "I run.",
          "is_correct": false
        },
        {
          "option_id": 4,
          "text": "She sings.",
          "is_correct": false
        }
      ],
      "answer": "What is this?"
    },
    {
      "question_id": 9,
      "question_type": "MCQ",
      "question": "Which word asks about place? (29-9)",
      "options": [
        {
          "option_id": 1,
          "text": "Where",
          "is_correct": true
        },
        {
          "option_id": 2,
          "text": "Who",
          "is_correct": false
        },
        {
          "option_id": 3,
          "text": "What",
          "is_correct": false
        },
        {
          "option_id": 4,
          "text": "Why",
          "is_correct": false
        }
      ],
      "answer": "Where"
    },
    {
      "question_id": 10,
      "question_type": "MCQ",
      "question": "Which word asks about a person? (29-10)",
      "options": [
        {
          "option_id": 1,
          "text": "Who",
          "is_correct": true
        },
        {
          "option_id": 2,
          "text": "What",
          "is_correct": false
        },
        {
          "option_id": 3,
          "text": "Where",
          "is_correct": false
        },
        {
          "option_id": 4,
          "text": "Why",
          "is_correct": false
        }
      ],
      "answer": "Who"
    },
    {
      "question_id": 11,
      "question_type": "MCQ",
      "question": "Which is a question word? (29-11)",
      "options": [
        {
          "option_id": 1,
          "text": "What",
          "is_correct": true
        },
        {
          "option_id": 2,
          "text": "Run",
          "is_correct": false
        },
        {
          "option_id": 3,
          "text": "Pen",
          "is_correct": false
        },
        {
          "option_id": 4,
          "text": "Red",
          "is_correct": false
        }
      ],
      "answer": "What"
    },
    {
      "question_id": 12,
      "question_type": "MCQ",
      "question": "Which word is used to ask? (29-12)",
      "options": [
        {
          "option_id": 1,
          "text": "Where",
          "is_correct": true
        },
        {
          "option_id": 2,
          "text": "Jump",
          "is_correct": false
        },
        {
          "option_id": 3,
          "text": "Cat",
          "is_correct": false
        },
        {
          "option_id": 4,
          "text": "Blue",
          "is_correct": false
        }
      ],
      "answer": "Where"
    },
    {
      "question_id": 13,
      "question_type": "MCQ",
      "question": "Which of these is a question? (29-13)",
      "options": [
        {
          "option_id": 1,
          "text": "What is this?",
          "is_correct": true
        },
        {
          "option_id": 2,
          "text": "This is a pen.",
          "is_correct": false
        },
        {
          "option_id": 3,
          "text": "I run.",
          "is_correct": false
        },
        {
          "option_id": 4,
          "text": "She sings.",
          "is_correct": false
        }
      ],
      "answer": "What is this?"
    },
    {
      "question_id": 14,
      "question_type": "MCQ",
      "question": "Which word asks about place? (29-14)",
      "options": [
        {
          "option_id": 1,
          "text": "Where",
          "is_correct": true
        },
        {
          "option_id": 2,
          "text": "Who",
          "is_correct": false
        },
        {
          "option_id": 3,
          "text": "What",
          "is_correct": false
        },
        {
          "option_id": 4,
          "text": "Why",
          "is_correct": false
        }
      ],
      "answer": "Where"
    },
    {
      "question_id": 15,
      "question_type": "MCQ",
      "question": "Which word asks about a person? (29-15)",
      "options": [
        {
          "option_id": 1,
          "text": "Who",
          "is_correct": true
        },
        {
          "option_id": 2,
          "text": "What",
          "is_correct": false
        },
        {
          "option_id": 3,
          "text": "Where",
          "is_correct": false
        },
        {
          "option_id": 4,
          "text": "Why",
          "is_correct": false
        }
      ],
      "answer": "Who"
    },
    {
      "question_id": 16,
      "question_type": "SHORT",
      "question": "What is a question word?",
      "answer": "A question word is used to ask something."
    },
    {
      "question_id": 17,
      "question_type": "SHORT",
      "question": "Write one question word.",
      "answer": "What."
    },
    {
      "question_id": 18,
      "question_type": "SHORT",
      "question": "Write a question sentence.",
      "answer": "Where are you?"
    },
    {
      "question_id": 19,
      "question_type": "SHORT",
      "question": "Which word asks about a person?",
      "answer": "Who."
    },
    {
      "question_id": 20,
      "question_type": "SHORT",
      "question": "Which word asks about a place?",
      "answer": "Where."
    },
    {
      "question_id": 21,
      "question_type": "SHORT",
      "question": "What is a question word? (29-6)",
      "answer": "A question word is used to ask something."
    },
    {
      "question_id": 22,
      "question_type": "SHORT",
      "question": "Write one question word. (29-7)",
      "answer": "What."
    },
    {
      "question_id": 23,
      "question_type": "SHORT",
      "question": "Write a question sentence. (29-8)",
      "answer": "Where are you?"
    },
    {
      "question_id": 24,
      "question_type": "SHORT",
      "question": "Which word asks about a person? (29-9)",
      "answer": "Who."
    },
    {
      "question_id": 25,
      "question_type": "SHORT",
      "question": "Which word asks about a place? (29-10)",
      "answer": "Where."
    },
    {
      "question_id": 26,
      "question_type": "SHORT",
      "question": "What is a question word? (29-11)",
      "answer": "A question word is used to ask something."
    },
    {
      "question_id": 27,
      "question_type": "SHORT",
      "question": "Write one question word. (29-12)",
      "answer": "What."
    },
    {
      "question_id": 28,
      "question_type": "SHORT",
      "question": "Write a question sentence. (29-13)",
      "answer": "Where are you?"
    },
    {
      "question_id": 29,
      "question_type": "SHORT",
      "question": "Which word asks about a person? (29-14)",
      "answer": "Who."
    },
    {
      "question_id": 30,
      "question_type": "SHORT",
      "question": "Which word asks about a place? (29-15)",
      "answer": "Where."
    }
  ]
}