{
  "chapter_metadata": {
    "chapter_id": "03.Marathi.67",
    "standard": "3",
    "subject": "English",
    "medium": "Marathi",
    "chapter_name": "See You Later"
  },
  "questions": [
    {
      "question_id": 1,
      "question_type": "MCQ",
      "question": "What does the alligator say?",
      "options": [
        {
          "option_id": 1,
          "text": "See you later, alligator!",
          "is_correct": true
        },
        {
          "option_id": 2,
          "text": "Good night",
          "is_correct": false
        },
        {
          "option_id": 3,
          "text": "Hello",
          "is_correct": false
        },
        {
          "option_id": 4,
          "text": "Thank you",
          "is_correct": false
        }
      ],
      "answer": "See you later, alligator!"
    },
    {
      "question_id": 2,
      "question_type": "MCQ",
      "question": "What does the crocodile reply?",
      "options": [
        {
          "option_id": 1,
          "text": "After a while, crocodile!",
          "is_correct": true
        },
        {
          "option_id": 2,
          "text": "Good morning",
          "is_correct": false
        },
        {
          "option_id": 3,
          "text": "Bye bye",
          "is_correct": false
        },
        {
          "option_id": 4,
          "text": "Stop",
          "is_correct": false
        }
      ],
      "answer": "After a while, crocodile!"
    },
    {
      "question_id": 3,
      "question_type": "MCQ",
      "question": "Who says 'In an hour, sunflower!'?",
      "options": [
        {
          "option_id": 1,
          "text": "Sunflower",
          "is_correct": true
        },
        {
          "option_id": 2,
          "text": "Butterfly",
          "is_correct": false
        },
        {
          "option_id": 3,
          "text": "Buffalo",
          "is_correct": false
        },
        {
          "option_id": 4,
          "text": "Kangaroo",
          "is_correct": false
        }
      ],
      "answer": "Sunflower"
    },
    {
      "question_id": 4,
      "question_type": "MCQ",
      "question": "Who says 'Time to go, buffalo!'?",
      "options": [
        {
          "option_id": 1,
          "text": "Buffalo",
          "is_correct": true
        },
        {
          "option_id": 2,
          "text": "Butterfly",
          "is_correct": false
        },
        {
          "option_id": 3,
          "text": "Alligator",
          "is_correct": false
        },
        {
          "option_id": 4,
          "text": "Sunflower",
          "is_correct": false
        }
      ],
      "answer": "Buffalo"
    },
    {
      "question_id": 5,
      "question_type": "MCQ",
      "question": "What kind of expressions are used in the poem?",
      "options": [
        {
          "option_id": 1,
          "text": "Rhyming goodbyes",
          "is_correct": true
        },
        {
          "option_id": 2,
          "text": "Questions",
          "is_correct": false
        },
        {
          "option_id": 3,
          "text": "Commands",
          "is_correct": false
        },
        {
          "option_id": 4,
          "text": "Stories",
          "is_correct": false
        }
      ],
      "answer": "Rhyming goodbyes"
    },
    {
      "question_id": 6,
      "question_type": "MCQ",
      "question": "What does the alligator say?",
      "options": [
        {
          "option_id": 1,
          "text": "See you later, alligator!",
          "is_correct": true
        },
        {
          "option_id": 2,
          "text": "Good night",
          "is_correct": false
        },
        {
          "option_id": 3,
          "text": "Hello",
          "is_correct": false
        },
        {
          "option_id": 4,
          "text": "Thank you",
          "is_correct": false
        }
      ],
      "answer": "See you later, alligator!"
    },
    {
      "question_id": 7,
      "question_type": "MCQ",
      "question": "What does the crocodile reply?",
      "options": [
        {
          "option_id": 1,
          "text": "After a while, crocodile!",
          "is_correct": true
        },
        {
          "option_id": 2,
          "text": "Good morning",
          "is_correct": false
        },
        {
          "option_id": 3,
          "text": "Bye bye",
          "is_correct": false
        },
        {
          "option_id": 4,
          "text": "Stop",
          "is_correct": false
        }
      ],
      "answer": "After a while, crocodile!"
    },
    {
      "question_id": 8,
      "question_type": "MCQ",
      "question": "Who says 'In an hour, sunflower!'?",
      "options": [
        {
          "option_id": 1,
          "text": "Sunflower",
          "is_correct": true
        },
        {
          "option_id": 2,
          "text": "Butterfly",
          "is_correct": false
        },
        {
          "option_id": 3,
          "text": "Buffalo",
          "is_correct": false
        },
        {
          "option_id": 4,
          "text": "Kangaroo",
          "is_correct": false
        }
      ],
      "answer": "Sunflower"
    },
    {
      "question_id": 9,
      "question_type": "MCQ",
      "question": "Who says 'Time to go, buffalo!'?",
      "options": [
        {
          "option_id": 1,
          "text": "Buffalo",
          "is_correct": true
        },
        {
          "option_id": 2,
          "text": "Butterfly",
          "is_correct": false
        },
        {
          "option_id": 3,
          "text": "Alligator",
          "is_correct": false
        },
        {
          "option_id": 4,
          "text": "Sunflower",
          "is_correct": false
        }
      ],
      "answer": "Buffalo"
    },
    {
      "question_id": 10,
      "question_type": "MCQ",
      "question": "What kind of expressions are used in the poem?",
      "options": [
        {
          "option_id": 1,
          "text": "Rhyming goodbyes",
          "is_correct": true
        },
        {
          "option_id": 2,
          "text": "Questions",
          "is_correct": false
        },
        {
          "option_id": 3,
          "text": "Commands",
          "is_correct": false
        },
        {
          "option_id": 4,
          "text": "Stories",
          "is_correct": false
        }
      ],
      "answer": "Rhyming goodbyes"
    },
    {
      "question_id": 11,
      "question_type": "MCQ",
      "question": "What does the alligator say?",
      "options": [
        {
          "option_id": 1,
          "text": "See you later, alligator!",
          "is_correct": true
        },
        {
          "option_id": 2,
          "text": "Good night",
          "is_correct": false
        },
        {
          "option_id": 3,
          "text": "Hello",
          "is_correct": false
        },
        {
          "option_id": 4,
          "text": "Thank you",
          "is_correct": false
        }
      ],
      "answer": "See you later, alligator!"
    },
    {
      "question_id": 12,
      "question_type": "MCQ",
      "question": "What does the crocodile reply?",
      "options": [
        {
          "option_id": 1,
          "text": "After a while, crocodile!",
          "is_correct": true
        },
        {
          "option_id": 2,
          "text": "Good morning",
          "is_correct": false
        },
        {
          "option_id": 3,
          "text": "Bye bye",
          "is_correct": false
        },
        {
          "option_id": 4,
          "text": "Stop",
          "is_correct": false
        }
      ],
      "answer": "After a while, crocodile!"
    },
    {
      "question_id": 13,
      "question_type": "MCQ",
      "question": "Who says 'In an hour, sunflower!'?",
      "options": [
        {
          "option_id": 1,
          "text": "Sunflower",
          "is_correct": true
        },
        {
          "option_id": 2,
          "text": "Butterfly",
          "is_correct": false
        },
        {
          "option_id": 3,
          "text": "Buffalo",
          "is_correct": false
        },
        {
          "option_id": 4,
          "text": "Kangaroo",
          "is_correct": false
        }
      ],
      "answer": "Sunflower"
    },
    {
      "question_id": 14,
      "question_type": "MCQ",
      "question": "Who says 'Time to go, buffalo!'?",
      "options": [
        {
          "option_id": 1,
          "text": "Buffalo",
          "is_correct": true
        },
        {
          "option_id": 2,
          "text": "Butterfly",
          "is_correct": false
        },
        {
          "option_id": 3,
          "text": "Alligator",
          "is_correct": false
        },
        {
          "option_id": 4,
          "text": "Sunflower",
          "is_correct": false
        }
      ],
      "answer": "Buffalo"
    },
    {
      "question_id": 15,
      "question_type": "MCQ",
      "question": "What kind of expressions are used in the poem?",
      "options": [
        {
          "option_id": 1,
          "text": "Rhyming goodbyes",
          "is_correct": true
        },
        {
          "option_id": 2,
          "text": "Questions",
          "is_correct": false
        },
        {
          "option_id": 3,
          "text": "Commands",
          "is_correct": false
        },
        {
          "option_id": 4,
          "text": "Stories",
          "is_correct": false
        }
      ],
      "answer": "Rhyming goodbyes"
    },
    {
      "question_id": 16,
      "question_type": "SHORT",
      "question": "What is the poem about?",
      "answer": "It is about saying goodbye in a fun way."
    },
    {
      "question_id": 17,
      "question_type": "SHORT",
      "question": "What does the alligator say?",
      "answer": "See you later, alligator."
    },
    {
      "question_id": 18,
      "question_type": "SHORT",
      "question": "What does the crocodile reply?",
      "answer": "After a while, crocodile."
    },
    {
      "question_id": 19,
      "question_type": "SHORT",
      "question": "Write one line from the poem.",
      "answer": "Time to go, buffalo."
    },
    {
      "question_id": 20,
      "question_type": "SHORT",
      "question": "Why is the poem fun?",
      "answer": "Because it uses rhyming words."
    },
    {
      "question_id": 21,
      "question_type": "SHORT",
      "question": "What is the poem about?",
      "answer": "It is about saying goodbye in a fun way."
    },
    {
      "question_id": 22,
      "question_type": "SHORT",
      "question": "What does the alligator say?",
      "answer": "See you later, alligator."
    },
    {
      "question_id": 23,
      "question_type": "SHORT",
      "question": "What does the crocodile reply?",
      "answer": "After a while, crocodile."
    },
    {
      "question_id": 24,
      "question_type": "SHORT",
      "question": "Write one line from the poem.",
      "answer": "Time to go, buffalo."
    },
    {
      "question_id": 25,
      "question_type": "SHORT",
      "question": "Why is the poem fun?",
      "answer": "Because it uses rhyming words."
    },
    {
      "question_id": 26,
      "question_type": "SHORT",
      "question": "What is the poem about?",
      "answer": "It is about saying goodbye in a fun way."
    },
    {
      "question_id": 27,
      "question_type": "SHORT",
      "question": "What does the alligator say?",
      "answer": "See you later, alligator."
    },
    {
      "question_id": 28,
      "question_type": "SHORT",
      "question": "What does the crocodile reply?",
      "answer": "After a while, crocodile."
    },
    {
      "question_id": 29,
      "question_type": "SHORT",
      "question": "Write one line from the poem.",
      "answer": "Time to go, buffalo."
    },
    {
      "question_id": 30,
      "question_type": "SHORT",
      "question": "Why is the poem fun?",
      "answer": "Because it uses rhyming words."
    }
  ]
}