{
  "chapter_metadata": {
    "chapter_id": "03.Marathi.31",
    "standard": "3",
    "subject": "English",
    "medium": "Marathi",
    "chapter_name": "Pronouns"
  },
  "questions": [
    {
      "question_id": 1,
      "question_type": "MCQ",
      "question": "Which word is a pronoun?",
      "options": [
        {
          "option_id": 1,
          "text": "He",
          "is_correct": true
        },
        {
          "option_id": 2,
          "text": "Run",
          "is_correct": false
        },
        {
          "option_id": 3,
          "text": "Pen",
          "is_correct": false
        },
        {
          "option_id": 4,
          "text": "Red",
          "is_correct": false
        }
      ],
      "answer": "He"
    },
    {
      "question_id": 2,
      "question_type": "MCQ",
      "question": "Which word replaces a noun?",
      "options": [
        {
          "option_id": 1,
          "text": "She",
          "is_correct": true
        },
        {
          "option_id": 2,
          "text": "Eat",
          "is_correct": false
        },
        {
          "option_id": 3,
          "text": "Book",
          "is_correct": false
        },
        {
          "option_id": 4,
          "text": "Blue",
          "is_correct": false
        }
      ],
      "answer": "She"
    },
    {
      "question_id": 3,
      "question_type": "MCQ",
      "question": "Which is a pronoun?",
      "options": [
        {
          "option_id": 1,
          "text": "They",
          "is_correct": true
        },
        {
          "option_id": 2,
          "text": "Play",
          "is_correct": false
        },
        {
          "option_id": 3,
          "text": "Chair",
          "is_correct": false
        },
        {
          "option_id": 4,
          "text": "Big",
          "is_correct": false
        }
      ],
      "answer": "They"
    },
    {
      "question_id": 4,
      "question_type": "MCQ",
      "question": "Which sentence uses a pronoun?",
      "options": [
        {
          "option_id": 1,
          "text": "He is my friend.",
          "is_correct": true
        },
        {
          "option_id": 2,
          "text": "I pen.",
          "is_correct": false
        },
        {
          "option_id": 3,
          "text": "Red is nice.",
          "is_correct": false
        },
        {
          "option_id": 4,
          "text": "Play fast.",
          "is_correct": false
        }
      ],
      "answer": "He is my friend."
    },
    {
      "question_id": 5,
      "question_type": "MCQ",
      "question": "Which word can replace 'Ravi'?",
      "options": [
        {
          "option_id": 1,
          "text": "He",
          "is_correct": true
        },
        {
          "option_id": 2,
          "text": "Run",
          "is_correct": false
        },
        {
          "option_id": 3,
          "text": "Table",
          "is_correct": false
        },
        {
          "option_id": 4,
          "text": "Apple",
          "is_correct": false
        }
      ],
      "answer": "He"
    },
    {
      "question_id": 6,
      "question_type": "MCQ",
      "question": "Which word is a pronoun? (31-6)",
      "options": [
        {
          "option_id": 1,
          "text": "He",
          "is_correct": true
        },
        {
          "option_id": 2,
          "text": "Run",
          "is_correct": false
        },
        {
          "option_id": 3,
          "text": "Pen",
          "is_correct": false
        },
        {
          "option_id": 4,
          "text": "Red",
          "is_correct": false
        }
      ],
      "answer": "He"
    },
    {
      "question_id": 7,
      "question_type": "MCQ",
      "question": "Which word replaces a noun? (31-7)",
      "options": [
        {
          "option_id": 1,
          "text": "She",
          "is_correct": true
        },
        {
          "option_id": 2,
          "text": "Eat",
          "is_correct": false
        },
        {
          "option_id": 3,
          "text": "Book",
          "is_correct": false
        },
        {
          "option_id": 4,
          "text": "Blue",
          "is_correct": false
        }
      ],
      "answer": "She"
    },
    {
      "question_id": 8,
      "question_type": "MCQ",
      "question": "Which is a pronoun? (31-8)",
      "options": [
        {
          "option_id": 1,
          "text": "They",
          "is_correct": true
        },
        {
          "option_id": 2,
          "text": "Play",
          "is_correct": false
        },
        {
          "option_id": 3,
          "text": "Chair",
          "is_correct": false
        },
        {
          "option_id": 4,
          "text": "Big",
          "is_correct": false
        }
      ],
      "answer": "They"
    },
    {
      "question_id": 9,
      "question_type": "MCQ",
      "question": "Which sentence uses a pronoun? (31-9)",
      "options": [
        {
          "option_id": 1,
          "text": "He is my friend.",
          "is_correct": true
        },
        {
          "option_id": 2,
          "text": "I pen.",
          "is_correct": false
        },
        {
          "option_id": 3,
          "text": "Red is nice.",
          "is_correct": false
        },
        {
          "option_id": 4,
          "text": "Play fast.",
          "is_correct": false
        }
      ],
      "answer": "He is my friend."
    },
    {
      "question_id": 10,
      "question_type": "MCQ",
      "question": "Which word can replace 'Ravi'? (31-10)",
      "options": [
        {
          "option_id": 1,
          "text": "He",
          "is_correct": true
        },
        {
          "option_id": 2,
          "text": "Run",
          "is_correct": false
        },
        {
          "option_id": 3,
          "text": "Table",
          "is_correct": false
        },
        {
          "option_id": 4,
          "text": "Apple",
          "is_correct": false
        }
      ],
      "answer": "He"
    },
    {
      "question_id": 11,
      "question_type": "MCQ",
      "question": "Which word is a pronoun? (31-11)",
      "options": [
        {
          "option_id": 1,
          "text": "He",
          "is_correct": true
        },
        {
          "option_id": 2,
          "text": "Run",
          "is_correct": false
        },
        {
          "option_id": 3,
          "text": "Pen",
          "is_correct": false
        },
        {
          "option_id": 4,
          "text": "Red",
          "is_correct": false
        }
      ],
      "answer": "He"
    },
    {
      "question_id": 12,
      "question_type": "MCQ",
      "question": "Which word replaces a noun? (31-12)",
      "options": [
        {
          "option_id": 1,
          "text": "She",
          "is_correct": true
        },
        {
          "option_id": 2,
          "text": "Eat",
          "is_correct": false
        },
        {
          "option_id": 3,
          "text": "Book",
          "is_correct": false
        },
        {
          "option_id": 4,
          "text": "Blue",
          "is_correct": false
        }
      ],
      "answer": "She"
    },
    {
      "question_id": 13,
      "question_type": "MCQ",
      "question": "Which is a pronoun? (31-13)",
      "options": [
        {
          "option_id": 1,
          "text": "They",
          "is_correct": true
        },
        {
          "option_id": 2,
          "text": "Play",
          "is_correct": false
        },
        {
          "option_id": 3,
          "text": "Chair",
          "is_correct": false
        },
        {
          "option_id": 4,
          "text": "Big",
          "is_correct": false
        }
      ],
      "answer": "They"
    },
    {
      "question_id": 14,
      "question_type": "MCQ",
      "question": "Which sentence uses a pronoun? (31-14)",
      "options": [
        {
          "option_id": 1,
          "text": "He is my friend.",
          "is_correct": true
        },
        {
          "option_id": 2,
          "text": "I pen.",
          "is_correct": false
        },
        {
          "option_id": 3,
          "text": "Red is nice.",
          "is_correct": false
        },
        {
          "option_id": 4,
          "text": "Play fast.",
          "is_correct": false
        }
      ],
      "answer": "He is my friend."
    },
    {
      "question_id": 15,
      "question_type": "MCQ",
      "question": "Which word can replace 'Ravi'? (31-15)",
      "options": [
        {
          "option_id": 1,
          "text": "He",
          "is_correct": true
        },
        {
          "option_id": 2,
          "text": "Run",
          "is_correct": false
        },
        {
          "option_id": 3,
          "text": "Table",
          "is_correct": false
        },
        {
          "option_id": 4,
          "text": "Apple",
          "is_correct": false
        }
      ],
      "answer": "He"
    },
    {
      "question_id": 16,
      "question_type": "SHORT",
      "question": "What is a pronoun?",
      "answer": "A pronoun is a word used in place of a noun."
    },
    {
      "question_id": 17,
      "question_type": "SHORT",
      "question": "Give one example of a pronoun.",
      "answer": "He is a pronoun."
    },
    {
      "question_id": 18,
      "question_type": "SHORT",
      "question": "Which word replaces a name?",
      "answer": "A pronoun replaces a name."
    },
    {
      "question_id": 19,
      "question_type": "SHORT",
      "question": "Write one sentence using 'she'.",
      "answer": "She is my friend."
    },
    {
      "question_id": 20,
      "question_type": "SHORT",
      "question": "Why do we use pronouns?",
      "answer": "We use pronouns to avoid repeating nouns."
    },
    {
      "question_id": 21,
      "question_type": "SHORT",
      "question": "What is a pronoun? (31-6)",
      "answer": "A pronoun is a word used in place of a noun."
    },
    {
      "question_id": 22,
      "question_type": "SHORT",
      "question": "Give one example of a pronoun. (31-7)",
      "answer": "He is a pronoun."
    },
    {
      "question_id": 23,
      "question_type": "SHORT",
      "question": "Which word replaces a name? (31-8)",
      "answer": "A pronoun replaces a name."
    },
    {
      "question_id": 24,
      "question_type": "SHORT",
      "question": "Write one sentence using 'she'. (31-9)",
      "answer": "She is my friend."
    },
    {
      "question_id": 25,
      "question_type": "SHORT",
      "question": "Why do we use pronouns? (31-10)",
      "answer": "We use pronouns to avoid repeating nouns."
    },
    {
      "question_id": 26,
      "question_type": "SHORT",
      "question": "What is a pronoun? (31-11)",
      "answer": "A pronoun is a word used in place of a noun."
    },
    {
      "question_id": 27,
      "question_type": "SHORT",
      "question": "Give one example of a pronoun. (31-12)",
      "answer": "He is a pronoun."
    },
    {
      "question_id": 28,
      "question_type": "SHORT",
      "question": "Which word replaces a name? (31-13)",
      "answer": "A pronoun replaces a name."
    },
    {
      "question_id": 29,
      "question_type": "SHORT",
      "question": "Write one sentence using 'she'. (31-14)",
      "answer": "She is my friend."
    },
    {
      "question_id": 30,
      "question_type": "SHORT",
      "question": "Why do we use pronouns? (31-15)",
      "answer": "We use pronouns to avoid repeating nouns."
    }
  ]
}