{
  "chapter_metadata": {
    "chapter_id": "03.Marathi.32",
    "standard": "3",
    "subject": "English",
    "medium": "Marathi",
    "chapter_name": "Prepositions"
  },
  "questions": [
    {
      "question_id": 1,
      "question_type": "MCQ",
      "question": "Which word shows position?",
      "options": [
        {
          "option_id": 1,
          "text": "On",
          "is_correct": true
        },
        {
          "option_id": 2,
          "text": "Run",
          "is_correct": false
        },
        {
          "option_id": 3,
          "text": "Blue",
          "is_correct": false
        },
        {
          "option_id": 4,
          "text": "Cat",
          "is_correct": false
        }
      ],
      "answer": "On"
    },
    {
      "question_id": 2,
      "question_type": "MCQ",
      "question": "Which is a preposition?",
      "options": [
        {
          "option_id": 1,
          "text": "Under",
          "is_correct": true
        },
        {
          "option_id": 2,
          "text": "Eat",
          "is_correct": false
        },
        {
          "option_id": 3,
          "text": "Play",
          "is_correct": false
        },
        {
          "option_id": 4,
          "text": "Boy",
          "is_correct": false
        }
      ],
      "answer": "Under"
    },
    {
      "question_id": 3,
      "question_type": "MCQ",
      "question": "Which word shows place?",
      "options": [
        {
          "option_id": 1,
          "text": "In",
          "is_correct": true
        },
        {
          "option_id": 2,
          "text": "Red",
          "is_correct": false
        },
        {
          "option_id": 3,
          "text": "Jump",
          "is_correct": false
        },
        {
          "option_id": 4,
          "text": "Pen",
          "is_correct": false
        }
      ],
      "answer": "In"
    },
    {
      "question_id": 4,
      "question_type": "MCQ",
      "question": "Which sentence uses a preposition?",
      "options": [
        {
          "option_id": 1,
          "text": "The cat is on the table.",
          "is_correct": true
        },
        {
          "option_id": 2,
          "text": "I run.",
          "is_correct": false
        },
        {
          "option_id": 3,
          "text": "She sings.",
          "is_correct": false
        },
        {
          "option_id": 4,
          "text": "This is a pen.",
          "is_correct": false
        }
      ],
      "answer": "The cat is on the table."
    },
    {
      "question_id": 5,
      "question_type": "MCQ",
      "question": "Which word tells where something is?",
      "options": [
        {
          "option_id": 1,
          "text": "Between",
          "is_correct": true
        },
        {
          "option_id": 2,
          "text": "Boy",
          "is_correct": false
        },
        {
          "option_id": 3,
          "text": "Run",
          "is_correct": false
        },
        {
          "option_id": 4,
          "text": "Happy",
          "is_correct": false
        }
      ],
      "answer": "Between"
    },
    {
      "question_id": 6,
      "question_type": "MCQ",
      "question": "Which word shows position? (32-6)",
      "options": [
        {
          "option_id": 1,
          "text": "On",
          "is_correct": true
        },
        {
          "option_id": 2,
          "text": "Run",
          "is_correct": false
        },
        {
          "option_id": 3,
          "text": "Blue",
          "is_correct": false
        },
        {
          "option_id": 4,
          "text": "Cat",
          "is_correct": false
        }
      ],
      "answer": "On"
    },
    {
      "question_id": 7,
      "question_type": "MCQ",
      "question": "Which is a preposition? (32-7)",
      "options": [
        {
          "option_id": 1,
          "text": "Under",
          "is_correct": true
        },
        {
          "option_id": 2,
          "text": "Eat",
          "is_correct": false
        },
        {
          "option_id": 3,
          "text": "Play",
          "is_correct": false
        },
        {
          "option_id": 4,
          "text": "Boy",
          "is_correct": false
        }
      ],
      "answer": "Under"
    },
    {
      "question_id": 8,
      "question_type": "MCQ",
      "question": "Which word shows place? (32-8)",
      "options": [
        {
          "option_id": 1,
          "text": "In",
          "is_correct": true
        },
        {
          "option_id": 2,
          "text": "Red",
          "is_correct": false
        },
        {
          "option_id": 3,
          "text": "Jump",
          "is_correct": false
        },
        {
          "option_id": 4,
          "text": "Pen",
          "is_correct": false
        }
      ],
      "answer": "In"
    },
    {
      "question_id": 9,
      "question_type": "MCQ",
      "question": "Which sentence uses a preposition? (32-9)",
      "options": [
        {
          "option_id": 1,
          "text": "The cat is on the table.",
          "is_correct": true
        },
        {
          "option_id": 2,
          "text": "I run.",
          "is_correct": false
        },
        {
          "option_id": 3,
          "text": "She sings.",
          "is_correct": false
        },
        {
          "option_id": 4,
          "text": "This is a pen.",
          "is_correct": false
        }
      ],
      "answer": "The cat is on the table."
    },
    {
      "question_id": 10,
      "question_type": "MCQ",
      "question": "Which word tells where something is? (32-10)",
      "options": [
        {
          "option_id": 1,
          "text": "Between",
          "is_correct": true
        },
        {
          "option_id": 2,
          "text": "Boy",
          "is_correct": false
        },
        {
          "option_id": 3,
          "text": "Run",
          "is_correct": false
        },
        {
          "option_id": 4,
          "text": "Happy",
          "is_correct": false
        }
      ],
      "answer": "Between"
    },
    {
      "question_id": 11,
      "question_type": "MCQ",
      "question": "Which word shows position? (32-11)",
      "options": [
        {
          "option_id": 1,
          "text": "On",
          "is_correct": true
        },
        {
          "option_id": 2,
          "text": "Run",
          "is_correct": false
        },
        {
          "option_id": 3,
          "text": "Blue",
          "is_correct": false
        },
        {
          "option_id": 4,
          "text": "Cat",
          "is_correct": false
        }
      ],
      "answer": "On"
    },
    {
      "question_id": 12,
      "question_type": "MCQ",
      "question": "Which is a preposition? (32-12)",
      "options": [
        {
          "option_id": 1,
          "text": "Under",
          "is_correct": true
        },
        {
          "option_id": 2,
          "text": "Eat",
          "is_correct": false
        },
        {
          "option_id": 3,
          "text": "Play",
          "is_correct": false
        },
        {
          "option_id": 4,
          "text": "Boy",
          "is_correct": false
        }
      ],
      "answer": "Under"
    },
    {
      "question_id": 13,
      "question_type": "MCQ",
      "question": "Which word shows place? (32-13)",
      "options": [
        {
          "option_id": 1,
          "text": "In",
          "is_correct": true
        },
        {
          "option_id": 2,
          "text": "Red",
          "is_correct": false
        },
        {
          "option_id": 3,
          "text": "Jump",
          "is_correct": false
        },
        {
          "option_id": 4,
          "text": "Pen",
          "is_correct": false
        }
      ],
      "answer": "In"
    },
    {
      "question_id": 14,
      "question_type": "MCQ",
      "question": "Which sentence uses a preposition? (32-14)",
      "options": [
        {
          "option_id": 1,
          "text": "The cat is on the table.",
          "is_correct": true
        },
        {
          "option_id": 2,
          "text": "I run.",
          "is_correct": false
        },
        {
          "option_id": 3,
          "text": "She sings.",
          "is_correct": false
        },
        {
          "option_id": 4,
          "text": "This is a pen.",
          "is_correct": false
        }
      ],
      "answer": "The cat is on the table."
    },
    {
      "question_id": 15,
      "question_type": "MCQ",
      "question": "Which word tells where something is? (32-15)",
      "options": [
        {
          "option_id": 1,
          "text": "Between",
          "is_correct": true
        },
        {
          "option_id": 2,
          "text": "Boy",
          "is_correct": false
        },
        {
          "option_id": 3,
          "text": "Run",
          "is_correct": false
        },
        {
          "option_id": 4,
          "text": "Happy",
          "is_correct": false
        }
      ],
      "answer": "Between"
    },
    {
      "question_id": 16,
      "question_type": "SHORT",
      "question": "What is a preposition?",
      "answer": "A preposition shows the position of something."
    },
    {
      "question_id": 17,
      "question_type": "SHORT",
      "question": "Give one example of a preposition.",
      "answer": "On is a preposition."
    },
    {
      "question_id": 18,
      "question_type": "SHORT",
      "question": "Which word shows place?",
      "answer": "In shows place."
    },
    {
      "question_id": 19,
      "question_type": "SHORT",
      "question": "Write one sentence using 'under'.",
      "answer": "The ball is under the table."
    },
    {
      "question_id": 20,
      "question_type": "SHORT",
      "question": "Why do we use prepositions?",
      "answer": "We use prepositions to show position or place."
    },
    {
      "question_id": 21,
      "question_type": "SHORT",
      "question": "What is a preposition? (32-6)",
      "answer": "A preposition shows the position of something."
    },
    {
      "question_id": 22,
      "question_type": "SHORT",
      "question": "Give one example of a preposition. (32-7)",
      "answer": "On is a preposition."
    },
    {
      "question_id": 23,
      "question_type": "SHORT",
      "question": "Which word shows place? (32-8)",
      "answer": "In shows place."
    },
    {
      "question_id": 24,
      "question_type": "SHORT",
      "question": "Write one sentence using 'under'. (32-9)",
      "answer": "The ball is under the table."
    },
    {
      "question_id": 25,
      "question_type": "SHORT",
      "question": "Why do we use prepositions? (32-10)",
      "answer": "We use prepositions to show position or place."
    },
    {
      "question_id": 26,
      "question_type": "SHORT",
      "question": "What is a preposition? (32-11)",
      "answer": "A preposition shows the position of something."
    },
    {
      "question_id": 27,
      "question_type": "SHORT",
      "question": "Give one example of a preposition. (32-12)",
      "answer": "On is a preposition."
    },
    {
      "question_id": 28,
      "question_type": "SHORT",
      "question": "Which word shows place? (32-13)",
      "answer": "In shows place."
    },
    {
      "question_id": 29,
      "question_type": "SHORT",
      "question": "Write one sentence using 'under'. (32-14)",
      "answer": "The ball is under the table."
    },
    {
      "question_id": 30,
      "question_type": "SHORT",
      "question": "Why do we use prepositions? (32-15)",
      "answer": "We use prepositions to show position or place."
    }
  ]
}