{
  "chapter_metadata": {
    "chapter_id": "03.Marathi.39",
    "standard": "3",
    "subject": "English",
    "medium": "Marathi",
    "chapter_name": "Comprehension"
  },
  "questions": [
    {
      "question_id": 1,
      "question_type": "MCQ",
      "question": "What do we do to understand a passage?",
      "options": [
        {
          "option_id": 1,
          "text": "Read",
          "is_correct": true
        },
        {
          "option_id": 2,
          "text": "Run",
          "is_correct": false
        },
        {
          "option_id": 3,
          "text": "Jump",
          "is_correct": false
        },
        {
          "option_id": 4,
          "text": "Play",
          "is_correct": false
        }
      ],
      "answer": "Read"
    },
    {
      "question_id": 2,
      "question_type": "MCQ",
      "question": "Which helps to answer questions from a passage?",
      "options": [
        {
          "option_id": 1,
          "text": "Understanding",
          "is_correct": true
        },
        {
          "option_id": 2,
          "text": "Noise",
          "is_correct": false
        },
        {
          "option_id": 3,
          "text": "Sleep",
          "is_correct": false
        },
        {
          "option_id": 4,
          "text": "Anger",
          "is_correct": false
        }
      ],
      "answer": "Understanding"
    },
    {
      "question_id": 3,
      "question_type": "MCQ",
      "question": "What do we find in a passage?",
      "options": [
        {
          "option_id": 1,
          "text": "Information",
          "is_correct": true
        },
        {
          "option_id": 2,
          "text": "Food",
          "is_correct": false
        },
        {
          "option_id": 3,
          "text": "Water",
          "is_correct": false
        },
        {
          "option_id": 4,
          "text": "Air",
          "is_correct": false
        }
      ],
      "answer": "Information"
    },
    {
      "question_id": 4,
      "question_type": "MCQ",
      "question": "Which of these is done after reading?",
      "options": [
        {
          "option_id": 1,
          "text": "Answer questions",
          "is_correct": true
        },
        {
          "option_id": 2,
          "text": "Sleep",
          "is_correct": false
        },
        {
          "option_id": 3,
          "text": "Play only",
          "is_correct": false
        },
        {
          "option_id": 4,
          "text": "Shout",
          "is_correct": false
        }
      ],
      "answer": "Answer questions"
    },
    {
      "question_id": 5,
      "question_type": "MCQ",
      "question": "What should we do first with a passage?",
      "options": [
        {
          "option_id": 1,
          "text": "Read carefully",
          "is_correct": true
        },
        {
          "option_id": 2,
          "text": "Write",
          "is_correct": false
        },
        {
          "option_id": 3,
          "text": "Draw",
          "is_correct": false
        },
        {
          "option_id": 4,
          "text": "Sing",
          "is_correct": false
        }
      ],
      "answer": "Read carefully"
    },
    {
      "question_id": 6,
      "question_type": "MCQ",
      "question": "What do we do to understand a passage? (39-6)",
      "options": [
        {
          "option_id": 1,
          "text": "Read",
          "is_correct": true
        },
        {
          "option_id": 2,
          "text": "Run",
          "is_correct": false
        },
        {
          "option_id": 3,
          "text": "Jump",
          "is_correct": false
        },
        {
          "option_id": 4,
          "text": "Play",
          "is_correct": false
        }
      ],
      "answer": "Read"
    },
    {
      "question_id": 7,
      "question_type": "MCQ",
      "question": "Which helps to answer questions from a passage? (39-7)",
      "options": [
        {
          "option_id": 1,
          "text": "Understanding",
          "is_correct": true
        },
        {
          "option_id": 2,
          "text": "Noise",
          "is_correct": false
        },
        {
          "option_id": 3,
          "text": "Sleep",
          "is_correct": false
        },
        {
          "option_id": 4,
          "text": "Anger",
          "is_correct": false
        }
      ],
      "answer": "Understanding"
    },
    {
      "question_id": 8,
      "question_type": "MCQ",
      "question": "What do we find in a passage? (39-8)",
      "options": [
        {
          "option_id": 1,
          "text": "Information",
          "is_correct": true
        },
        {
          "option_id": 2,
          "text": "Food",
          "is_correct": false
        },
        {
          "option_id": 3,
          "text": "Water",
          "is_correct": false
        },
        {
          "option_id": 4,
          "text": "Air",
          "is_correct": false
        }
      ],
      "answer": "Information"
    },
    {
      "question_id": 9,
      "question_type": "MCQ",
      "question": "Which of these is done after reading? (39-9)",
      "options": [
        {
          "option_id": 1,
          "text": "Answer questions",
          "is_correct": true
        },
        {
          "option_id": 2,
          "text": "Sleep",
          "is_correct": false
        },
        {
          "option_id": 3,
          "text": "Play only",
          "is_correct": false
        },
        {
          "option_id": 4,
          "text": "Shout",
          "is_correct": false
        }
      ],
      "answer": "Answer questions"
    },
    {
      "question_id": 10,
      "question_type": "MCQ",
      "question": "What should we do first with a passage? (39-10)",
      "options": [
        {
          "option_id": 1,
          "text": "Read carefully",
          "is_correct": true
        },
        {
          "option_id": 2,
          "text": "Write",
          "is_correct": false
        },
        {
          "option_id": 3,
          "text": "Draw",
          "is_correct": false
        },
        {
          "option_id": 4,
          "text": "Sing",
          "is_correct": false
        }
      ],
      "answer": "Read carefully"
    },
    {
      "question_id": 11,
      "question_type": "MCQ",
      "question": "What do we do to understand a passage? (39-11)",
      "options": [
        {
          "option_id": 1,
          "text": "Read",
          "is_correct": true
        },
        {
          "option_id": 2,
          "text": "Run",
          "is_correct": false
        },
        {
          "option_id": 3,
          "text": "Jump",
          "is_correct": false
        },
        {
          "option_id": 4,
          "text": "Play",
          "is_correct": false
        }
      ],
      "answer": "Read"
    },
    {
      "question_id": 12,
      "question_type": "MCQ",
      "question": "Which helps to answer questions from a passage? (39-12)",
      "options": [
        {
          "option_id": 1,
          "text": "Understanding",
          "is_correct": true
        },
        {
          "option_id": 2,
          "text": "Noise",
          "is_correct": false
        },
        {
          "option_id": 3,
          "text": "Sleep",
          "is_correct": false
        },
        {
          "option_id": 4,
          "text": "Anger",
          "is_correct": false
        }
      ],
      "answer": "Understanding"
    },
    {
      "question_id": 13,
      "question_type": "MCQ",
      "question": "What do we find in a passage? (39-13)",
      "options": [
        {
          "option_id": 1,
          "text": "Information",
          "is_correct": true
        },
        {
          "option_id": 2,
          "text": "Food",
          "is_correct": false
        },
        {
          "option_id": 3,
          "text": "Water",
          "is_correct": false
        },
        {
          "option_id": 4,
          "text": "Air",
          "is_correct": false
        }
      ],
      "answer": "Information"
    },
    {
      "question_id": 14,
      "question_type": "MCQ",
      "question": "Which of these is done after reading? (39-14)",
      "options": [
        {
          "option_id": 1,
          "text": "Answer questions",
          "is_correct": true
        },
        {
          "option_id": 2,
          "text": "Sleep",
          "is_correct": false
        },
        {
          "option_id": 3,
          "text": "Play only",
          "is_correct": false
        },
        {
          "option_id": 4,
          "text": "Shout",
          "is_correct": false
        }
      ],
      "answer": "Answer questions"
    },
    {
      "question_id": 15,
      "question_type": "MCQ",
      "question": "What should we do first with a passage? (39-15)",
      "options": [
        {
          "option_id": 1,
          "text": "Read carefully",
          "is_correct": true
        },
        {
          "option_id": 2,
          "text": "Write",
          "is_correct": false
        },
        {
          "option_id": 3,
          "text": "Draw",
          "is_correct": false
        },
        {
          "option_id": 4,
          "text": "Sing",
          "is_correct": false
        }
      ],
      "answer": "Read carefully"
    },
    {
      "question_id": 16,
      "question_type": "SHORT",
      "question": "What is a passage?",
      "answer": "A passage is a small piece of text to read."
    },
    {
      "question_id": 17,
      "question_type": "SHORT",
      "question": "Why do we read a passage?",
      "answer": "We read a passage to understand information."
    },
    {
      "question_id": 18,
      "question_type": "SHORT",
      "question": "What do we answer after reading a passage?",
      "answer": "We answer questions."
    },
    {
      "question_id": 19,
      "question_type": "SHORT",
      "question": "How should we read a passage?",
      "answer": "We should read it carefully."
    },
    {
      "question_id": 20,
      "question_type": "SHORT",
      "question": "What do we learn from a passage?",
      "answer": "We learn new ideas and information."
    },
    {
      "question_id": 21,
      "question_type": "SHORT",
      "question": "What is a passage? (39-6)",
      "answer": "A passage is a small piece of text to read."
    },
    {
      "question_id": 22,
      "question_type": "SHORT",
      "question": "Why do we read a passage? (39-7)",
      "answer": "We read a passage to understand information."
    },
    {
      "question_id": 23,
      "question_type": "SHORT",
      "question": "What do we answer after reading a passage? (39-8)",
      "answer": "We answer questions."
    },
    {
      "question_id": 24,
      "question_type": "SHORT",
      "question": "How should we read a passage? (39-9)",
      "answer": "We should read it carefully."
    },
    {
      "question_id": 25,
      "question_type": "SHORT",
      "question": "What do we learn from a passage? (39-10)",
      "answer": "We learn new ideas and information."
    },
    {
      "question_id": 26,
      "question_type": "SHORT",
      "question": "What is a passage? (39-11)",
      "answer": "A passage is a small piece of text to read."
    },
    {
      "question_id": 27,
      "question_type": "SHORT",
      "question": "Why do we read a passage? (39-12)",
      "answer": "We read a passage to understand information."
    },
    {
      "question_id": 28,
      "question_type": "SHORT",
      "question": "What do we answer after reading a passage? (39-13)",
      "answer": "We answer questions."
    },
    {
      "question_id": 29,
      "question_type": "SHORT",
      "question": "How should we read a passage? (39-14)",
      "answer": "We should read it carefully."
    },
    {
      "question_id": 30,
      "question_type": "SHORT",
      "question": "What do we learn from a passage? (39-15)",
      "answer": "We learn new ideas and information."
    }
  ]
}