{
  "chapter_metadata": {
    "chapter_id": "03.Marathi.60",
    "standard": "3",
    "subject": "English",
    "medium": "Marathi",
    "chapter_name": "Rahim and his Camel"
  },
  "questions": [
    {
      "question_id": 1,
      "question_type": "MCQ",
      "question": "Where were Rahim and his camel travelling?",
      "options": [
        {
          "option_id": 1,
          "text": "Through the desert",
          "is_correct": true
        },
        {
          "option_id": 2,
          "text": "In a forest",
          "is_correct": false
        },
        {
          "option_id": 3,
          "text": "In a city",
          "is_correct": false
        },
        {
          "option_id": 4,
          "text": "On a river",
          "is_correct": false
        }
      ],
      "answer": "Through the desert"
    },
    {
      "question_id": 2,
      "question_type": "MCQ",
      "question": "What did Rahim do when it got dark?",
      "options": [
        {
          "option_id": 1,
          "text": "Put up a tent",
          "is_correct": true
        },
        {
          "option_id": 2,
          "text": "Started walking",
          "is_correct": false
        },
        {
          "option_id": 3,
          "text": "Went home",
          "is_correct": false
        },
        {
          "option_id": 4,
          "text": "Called for help",
          "is_correct": false
        }
      ],
      "answer": "Put up a tent"
    },
    {
      "question_id": 3,
      "question_type": "MCQ",
      "question": "What did the camel first ask for?",
      "options": [
        {
          "option_id": 1,
          "text": "To put its head inside the tent",
          "is_correct": true
        },
        {
          "option_id": 2,
          "text": "Food",
          "is_correct": false
        },
        {
          "option_id": 3,
          "text": "Water",
          "is_correct": false
        },
        {
          "option_id": 4,
          "text": "To sleep outside",
          "is_correct": false
        }
      ],
      "answer": "To put its head inside the tent"
    },
    {
      "question_id": 4,
      "question_type": "MCQ",
      "question": "What did the camel ask next?",
      "options": [
        {
          "option_id": 1,
          "text": "To put its neck inside",
          "is_correct": true
        },
        {
          "option_id": 2,
          "text": "To run away",
          "is_correct": false
        },
        {
          "option_id": 3,
          "text": "To eat grass",
          "is_correct": false
        },
        {
          "option_id": 4,
          "text": "To sleep",
          "is_correct": false
        }
      ],
      "answer": "To put its neck inside"
    },
    {
      "question_id": 5,
      "question_type": "MCQ",
      "question": "What happened at the end?",
      "options": [
        {
          "option_id": 1,
          "text": "Rahim was pushed out of the tent",
          "is_correct": true
        },
        {
          "option_id": 2,
          "text": "They slept peacefully",
          "is_correct": false
        },
        {
          "option_id": 3,
          "text": "They went home",
          "is_correct": false
        },
        {
          "option_id": 4,
          "text": "They found a house",
          "is_correct": false
        }
      ],
      "answer": "Rahim was pushed out of the tent"
    },
    {
      "question_id": 6,
      "question_type": "MCQ",
      "question": "Where were Rahim and his camel travelling?",
      "options": [
        {
          "option_id": 1,
          "text": "Through the desert",
          "is_correct": true
        },
        {
          "option_id": 2,
          "text": "In a forest",
          "is_correct": false
        },
        {
          "option_id": 3,
          "text": "In a city",
          "is_correct": false
        },
        {
          "option_id": 4,
          "text": "On a river",
          "is_correct": false
        }
      ],
      "answer": "Through the desert"
    },
    {
      "question_id": 7,
      "question_type": "MCQ",
      "question": "What did Rahim do when it got dark?",
      "options": [
        {
          "option_id": 1,
          "text": "Put up a tent",
          "is_correct": true
        },
        {
          "option_id": 2,
          "text": "Started walking",
          "is_correct": false
        },
        {
          "option_id": 3,
          "text": "Went home",
          "is_correct": false
        },
        {
          "option_id": 4,
          "text": "Called for help",
          "is_correct": false
        }
      ],
      "answer": "Put up a tent"
    },
    {
      "question_id": 8,
      "question_type": "MCQ",
      "question": "What did the camel first ask for?",
      "options": [
        {
          "option_id": 1,
          "text": "To put its head inside the tent",
          "is_correct": true
        },
        {
          "option_id": 2,
          "text": "Food",
          "is_correct": false
        },
        {
          "option_id": 3,
          "text": "Water",
          "is_correct": false
        },
        {
          "option_id": 4,
          "text": "To sleep outside",
          "is_correct": false
        }
      ],
      "answer": "To put its head inside the tent"
    },
    {
      "question_id": 9,
      "question_type": "MCQ",
      "question": "What did the camel ask next?",
      "options": [
        {
          "option_id": 1,
          "text": "To put its neck inside",
          "is_correct": true
        },
        {
          "option_id": 2,
          "text": "To run away",
          "is_correct": false
        },
        {
          "option_id": 3,
          "text": "To eat grass",
          "is_correct": false
        },
        {
          "option_id": 4,
          "text": "To sleep",
          "is_correct": false
        }
      ],
      "answer": "To put its neck inside"
    },
    {
      "question_id": 10,
      "question_type": "MCQ",
      "question": "What happened at the end?",
      "options": [
        {
          "option_id": 1,
          "text": "Rahim was pushed out of the tent",
          "is_correct": true
        },
        {
          "option_id": 2,
          "text": "They slept peacefully",
          "is_correct": false
        },
        {
          "option_id": 3,
          "text": "They went home",
          "is_correct": false
        },
        {
          "option_id": 4,
          "text": "They found a house",
          "is_correct": false
        }
      ],
      "answer": "Rahim was pushed out of the tent"
    },
    {
      "question_id": 11,
      "question_type": "MCQ",
      "question": "Where were Rahim and his camel travelling?",
      "options": [
        {
          "option_id": 1,
          "text": "Through the desert",
          "is_correct": true
        },
        {
          "option_id": 2,
          "text": "In a forest",
          "is_correct": false
        },
        {
          "option_id": 3,
          "text": "In a city",
          "is_correct": false
        },
        {
          "option_id": 4,
          "text": "On a river",
          "is_correct": false
        }
      ],
      "answer": "Through the desert"
    },
    {
      "question_id": 12,
      "question_type": "MCQ",
      "question": "What did Rahim do when it got dark?",
      "options": [
        {
          "option_id": 1,
          "text": "Put up a tent",
          "is_correct": true
        },
        {
          "option_id": 2,
          "text": "Started walking",
          "is_correct": false
        },
        {
          "option_id": 3,
          "text": "Went home",
          "is_correct": false
        },
        {
          "option_id": 4,
          "text": "Called for help",
          "is_correct": false
        }
      ],
      "answer": "Put up a tent"
    },
    {
      "question_id": 13,
      "question_type": "MCQ",
      "question": "What did the camel first ask for?",
      "options": [
        {
          "option_id": 1,
          "text": "To put its head inside the tent",
          "is_correct": true
        },
        {
          "option_id": 2,
          "text": "Food",
          "is_correct": false
        },
        {
          "option_id": 3,
          "text": "Water",
          "is_correct": false
        },
        {
          "option_id": 4,
          "text": "To sleep outside",
          "is_correct": false
        }
      ],
      "answer": "To put its head inside the tent"
    },
    {
      "question_id": 14,
      "question_type": "MCQ",
      "question": "What did the camel ask next?",
      "options": [
        {
          "option_id": 1,
          "text": "To put its neck inside",
          "is_correct": true
        },
        {
          "option_id": 2,
          "text": "To run away",
          "is_correct": false
        },
        {
          "option_id": 3,
          "text": "To eat grass",
          "is_correct": false
        },
        {
          "option_id": 4,
          "text": "To sleep",
          "is_correct": false
        }
      ],
      "answer": "To put its neck inside"
    },
    {
      "question_id": 15,
      "question_type": "MCQ",
      "question": "What happened at the end?",
      "options": [
        {
          "option_id": 1,
          "text": "Rahim was pushed out of the tent",
          "is_correct": true
        },
        {
          "option_id": 2,
          "text": "They slept peacefully",
          "is_correct": false
        },
        {
          "option_id": 3,
          "text": "They went home",
          "is_correct": false
        },
        {
          "option_id": 4,
          "text": "They found a house",
          "is_correct": false
        }
      ],
      "answer": "Rahim was pushed out of the tent"
    },
    {
      "question_id": 16,
      "question_type": "SHORT",
      "question": "Where were Rahim and his camel travelling?",
      "answer": "They were travelling through the desert."
    },
    {
      "question_id": 17,
      "question_type": "SHORT",
      "question": "Why did Rahim stop?",
      "answer": "Because it was getting dark and he was tired."
    },
    {
      "question_id": 18,
      "question_type": "SHORT",
      "question": "What did the camel want first?",
      "answer": "It wanted to put its head inside the tent."
    },
    {
      "question_id": 19,
      "question_type": "SHORT",
      "question": "What lesson does the story teach?",
      "answer": "Do not give in to selfish behaviour."
    },
    {
      "question_id": 20,
      "question_type": "SHORT",
      "question": "What happened to Rahim at the end?",
      "answer": "The camel pushed Rahim out of the tent."
    },
    {
      "question_id": 21,
      "question_type": "SHORT",
      "question": "Where were Rahim and his camel travelling?",
      "answer": "They were travelling through the desert."
    },
    {
      "question_id": 22,
      "question_type": "SHORT",
      "question": "Why did Rahim stop?",
      "answer": "Because it was getting dark and he was tired."
    },
    {
      "question_id": 23,
      "question_type": "SHORT",
      "question": "What did the camel want first?",
      "answer": "It wanted to put its head inside the tent."
    },
    {
      "question_id": 24,
      "question_type": "SHORT",
      "question": "What lesson does the story teach?",
      "answer": "Do not give in to selfish behaviour."
    },
    {
      "question_id": 25,
      "question_type": "SHORT",
      "question": "What happened to Rahim at the end?",
      "answer": "The camel pushed Rahim out of the tent."
    },
    {
      "question_id": 26,
      "question_type": "SHORT",
      "question": "Where were Rahim and his camel travelling?",
      "answer": "They were travelling through the desert."
    },
    {
      "question_id": 27,
      "question_type": "SHORT",
      "question": "Why did Rahim stop?",
      "answer": "Because it was getting dark and he was tired."
    },
    {
      "question_id": 28,
      "question_type": "SHORT",
      "question": "What did the camel want first?",
      "answer": "It wanted to put its head inside the tent."
    },
    {
      "question_id": 29,
      "question_type": "SHORT",
      "question": "What lesson does the story teach?",
      "answer": "Do not give in to selfish behaviour."
    },
    {
      "question_id": 30,
      "question_type": "SHORT",
      "question": "What happened to Rahim at the end?",
      "answer": "The camel pushed Rahim out of the tent."
    }
  ]
}