{
  "chapter_metadata": {
    "chapter_id": "03.Marathi.46",
    "standard": "3",
    "subject": "English",
    "medium": "Marathi",
    "chapter_name": "Weather Words"
  },
  "questions": [
    {
      "question_id": 1,
      "question_type": "MCQ",
      "question": "Which word shows hot weather?",
      "options": [
        {
          "option_id": 1,
          "text": "Hot",
          "is_correct": true
        },
        {
          "option_id": 2,
          "text": "Pen",
          "is_correct": false
        },
        {
          "option_id": 3,
          "text": "Book",
          "is_correct": false
        },
        {
          "option_id": 4,
          "text": "Blue",
          "is_correct": false
        }
      ],
      "answer": "Hot"
    },
    {
      "question_id": 2,
      "question_type": "MCQ",
      "question": "Which word shows cold weather?",
      "options": [
        {
          "option_id": 1,
          "text": "Cold",
          "is_correct": true
        },
        {
          "option_id": 2,
          "text": "Run",
          "is_correct": false
        },
        {
          "option_id": 3,
          "text": "Cat",
          "is_correct": false
        },
        {
          "option_id": 4,
          "text": "Red",
          "is_correct": false
        }
      ],
      "answer": "Cold"
    },
    {
      "question_id": 3,
      "question_type": "MCQ",
      "question": "Which word means there is rain?",
      "options": [
        {
          "option_id": 1,
          "text": "Raining",
          "is_correct": true
        },
        {
          "option_id": 2,
          "text": "Sunny",
          "is_correct": false
        },
        {
          "option_id": 3,
          "text": "Dry",
          "is_correct": false
        },
        {
          "option_id": 4,
          "text": "Warm",
          "is_correct": false
        }
      ],
      "answer": "Raining"
    },
    {
      "question_id": 4,
      "question_type": "MCQ",
      "question": "Which word shows strong air?",
      "options": [
        {
          "option_id": 1,
          "text": "Windy",
          "is_correct": true
        },
        {
          "option_id": 2,
          "text": "Happy",
          "is_correct": false
        },
        {
          "option_id": 3,
          "text": "Tall",
          "is_correct": false
        },
        {
          "option_id": 4,
          "text": "Small",
          "is_correct": false
        }
      ],
      "answer": "Windy"
    },
    {
      "question_id": 5,
      "question_type": "MCQ",
      "question": "Which word means pleasant temperature?",
      "options": [
        {
          "option_id": 1,
          "text": "Nice",
          "is_correct": true
        },
        {
          "option_id": 2,
          "text": "Run",
          "is_correct": false
        },
        {
          "option_id": 3,
          "text": "Pen",
          "is_correct": false
        },
        {
          "option_id": 4,
          "text": "Cat",
          "is_correct": false
        }
      ],
      "answer": "Nice"
    },
    {
      "question_id": 6,
      "question_type": "MCQ",
      "question": "Which word shows hot weather? (46-6)",
      "options": [
        {
          "option_id": 1,
          "text": "Hot",
          "is_correct": true
        },
        {
          "option_id": 2,
          "text": "Pen",
          "is_correct": false
        },
        {
          "option_id": 3,
          "text": "Book",
          "is_correct": false
        },
        {
          "option_id": 4,
          "text": "Blue",
          "is_correct": false
        }
      ],
      "answer": "Hot"
    },
    {
      "question_id": 7,
      "question_type": "MCQ",
      "question": "Which word shows cold weather? (46-7)",
      "options": [
        {
          "option_id": 1,
          "text": "Cold",
          "is_correct": true
        },
        {
          "option_id": 2,
          "text": "Run",
          "is_correct": false
        },
        {
          "option_id": 3,
          "text": "Cat",
          "is_correct": false
        },
        {
          "option_id": 4,
          "text": "Red",
          "is_correct": false
        }
      ],
      "answer": "Cold"
    },
    {
      "question_id": 8,
      "question_type": "MCQ",
      "question": "Which word means there is rain? (46-8)",
      "options": [
        {
          "option_id": 1,
          "text": "Raining",
          "is_correct": true
        },
        {
          "option_id": 2,
          "text": "Sunny",
          "is_correct": false
        },
        {
          "option_id": 3,
          "text": "Dry",
          "is_correct": false
        },
        {
          "option_id": 4,
          "text": "Warm",
          "is_correct": false
        }
      ],
      "answer": "Raining"
    },
    {
      "question_id": 9,
      "question_type": "MCQ",
      "question": "Which word shows strong air? (46-9)",
      "options": [
        {
          "option_id": 1,
          "text": "Windy",
          "is_correct": true
        },
        {
          "option_id": 2,
          "text": "Happy",
          "is_correct": false
        },
        {
          "option_id": 3,
          "text": "Tall",
          "is_correct": false
        },
        {
          "option_id": 4,
          "text": "Small",
          "is_correct": false
        }
      ],
      "answer": "Windy"
    },
    {
      "question_id": 10,
      "question_type": "MCQ",
      "question": "Which word means pleasant temperature? (46-10)",
      "options": [
        {
          "option_id": 1,
          "text": "Nice",
          "is_correct": true
        },
        {
          "option_id": 2,
          "text": "Run",
          "is_correct": false
        },
        {
          "option_id": 3,
          "text": "Pen",
          "is_correct": false
        },
        {
          "option_id": 4,
          "text": "Cat",
          "is_correct": false
        }
      ],
      "answer": "Nice"
    },
    {
      "question_id": 11,
      "question_type": "MCQ",
      "question": "Which word shows hot weather? (46-11)",
      "options": [
        {
          "option_id": 1,
          "text": "Hot",
          "is_correct": true
        },
        {
          "option_id": 2,
          "text": "Pen",
          "is_correct": false
        },
        {
          "option_id": 3,
          "text": "Book",
          "is_correct": false
        },
        {
          "option_id": 4,
          "text": "Blue",
          "is_correct": false
        }
      ],
      "answer": "Hot"
    },
    {
      "question_id": 12,
      "question_type": "MCQ",
      "question": "Which word shows cold weather? (46-12)",
      "options": [
        {
          "option_id": 1,
          "text": "Cold",
          "is_correct": true
        },
        {
          "option_id": 2,
          "text": "Run",
          "is_correct": false
        },
        {
          "option_id": 3,
          "text": "Cat",
          "is_correct": false
        },
        {
          "option_id": 4,
          "text": "Red",
          "is_correct": false
        }
      ],
      "answer": "Cold"
    },
    {
      "question_id": 13,
      "question_type": "MCQ",
      "question": "Which word means there is rain? (46-13)",
      "options": [
        {
          "option_id": 1,
          "text": "Raining",
          "is_correct": true
        },
        {
          "option_id": 2,
          "text": "Sunny",
          "is_correct": false
        },
        {
          "option_id": 3,
          "text": "Dry",
          "is_correct": false
        },
        {
          "option_id": 4,
          "text": "Warm",
          "is_correct": false
        }
      ],
      "answer": "Raining"
    },
    {
      "question_id": 14,
      "question_type": "MCQ",
      "question": "Which word shows strong air? (46-14)",
      "options": [
        {
          "option_id": 1,
          "text": "Windy",
          "is_correct": true
        },
        {
          "option_id": 2,
          "text": "Happy",
          "is_correct": false
        },
        {
          "option_id": 3,
          "text": "Tall",
          "is_correct": false
        },
        {
          "option_id": 4,
          "text": "Small",
          "is_correct": false
        }
      ],
      "answer": "Windy"
    },
    {
      "question_id": 15,
      "question_type": "MCQ",
      "question": "Which word means pleasant temperature? (46-15)",
      "options": [
        {
          "option_id": 1,
          "text": "Nice",
          "is_correct": true
        },
        {
          "option_id": 2,
          "text": "Run",
          "is_correct": false
        },
        {
          "option_id": 3,
          "text": "Pen",
          "is_correct": false
        },
        {
          "option_id": 4,
          "text": "Cat",
          "is_correct": false
        }
      ],
      "answer": "Nice"
    },
    {
      "question_id": 16,
      "question_type": "SHORT",
      "question": "What does 'hot' mean?",
      "answer": "It means the weather has a lot of heat."
    },
    {
      "question_id": 17,
      "question_type": "SHORT",
      "question": "What does 'cold' mean?",
      "answer": "It means the weather is very cool."
    },
    {
      "question_id": 18,
      "question_type": "SHORT",
      "question": "What does 'raining' mean?",
      "answer": "It means water is falling from the sky."
    },
    {
      "question_id": 19,
      "question_type": "SHORT",
      "question": "What does 'windy' mean?",
      "answer": "It means strong air is blowing."
    },
    {
      "question_id": 20,
      "question_type": "SHORT",
      "question": "Write one weather word.",
      "answer": "Hot."
    },
    {
      "question_id": 21,
      "question_type": "SHORT",
      "question": "What does 'hot' mean? (46-6)",
      "answer": "It means the weather has a lot of heat."
    },
    {
      "question_id": 22,
      "question_type": "SHORT",
      "question": "What does 'cold' mean? (46-7)",
      "answer": "It means the weather is very cool."
    },
    {
      "question_id": 23,
      "question_type": "SHORT",
      "question": "What does 'raining' mean? (46-8)",
      "answer": "It means water is falling from the sky."
    },
    {
      "question_id": 24,
      "question_type": "SHORT",
      "question": "What does 'windy' mean? (46-9)",
      "answer": "It means strong air is blowing."
    },
    {
      "question_id": 25,
      "question_type": "SHORT",
      "question": "Write one weather word. (46-10)",
      "answer": "Hot."
    },
    {
      "question_id": 26,
      "question_type": "SHORT",
      "question": "What does 'hot' mean? (46-11)",
      "answer": "It means the weather has a lot of heat."
    },
    {
      "question_id": 27,
      "question_type": "SHORT",
      "question": "What does 'cold' mean? (46-12)",
      "answer": "It means the weather is very cool."
    },
    {
      "question_id": 28,
      "question_type": "SHORT",
      "question": "What does 'raining' mean? (46-13)",
      "answer": "It means water is falling from the sky."
    },
    {
      "question_id": 29,
      "question_type": "SHORT",
      "question": "What does 'windy' mean? (46-14)",
      "answer": "It means strong air is blowing."
    },
    {
      "question_id": 30,
      "question_type": "SHORT",
      "question": "Write one weather word. (46-15)",
      "answer": "Hot."
    }
  ]
}