{
  "chapter_metadata": {
    "chapter_id": "03.Marathi.30",
    "standard": "3",
    "subject": "English",
    "medium": "Marathi",
    "chapter_name": "Sentences and Punctuation"
  },
  "questions": [
    {
      "question_id": 1,
      "question_type": "MCQ",
      "question": "Which is a correct sentence?",
      "options": [
        {
          "option_id": 1,
          "text": "I like apples.",
          "is_correct": true
        },
        {
          "option_id": 2,
          "text": "I apples like.",
          "is_correct": false
        },
        {
          "option_id": 3,
          "text": "Like I apples.",
          "is_correct": false
        },
        {
          "option_id": 4,
          "text": "Apples like I.",
          "is_correct": false
        }
      ],
      "answer": "I like apples."
    },
    {
      "question_id": 2,
      "question_type": "MCQ",
      "question": "Which sentence has a full stop?",
      "options": [
        {
          "option_id": 1,
          "text": "I run.",
          "is_correct": true
        },
        {
          "option_id": 2,
          "text": "I run",
          "is_correct": false
        },
        {
          "option_id": 3,
          "text": "I run?",
          "is_correct": false
        },
        {
          "option_id": 4,
          "text": "I run!",
          "is_correct": false
        }
      ],
      "answer": "I run."
    },
    {
      "question_id": 3,
      "question_type": "MCQ",
      "question": "Which sentence asks a question?",
      "options": [
        {
          "option_id": 1,
          "text": "Where are you?",
          "is_correct": true
        },
        {
          "option_id": 2,
          "text": "I am here.",
          "is_correct": false
        },
        {
          "option_id": 3,
          "text": "I run.",
          "is_correct": false
        },
        {
          "option_id": 4,
          "text": "She sings.",
          "is_correct": false
        }
      ],
      "answer": "Where are you?"
    },
    {
      "question_id": 4,
      "question_type": "MCQ",
      "question": "Which sentence shows feeling?",
      "options": [
        {
          "option_id": 1,
          "text": "Wow!",
          "is_correct": true
        },
        {
          "option_id": 2,
          "text": "I run.",
          "is_correct": false
        },
        {
          "option_id": 3,
          "text": "This is a pen.",
          "is_correct": false
        },
        {
          "option_id": 4,
          "text": "I eat.",
          "is_correct": false
        }
      ],
      "answer": "Wow!"
    },
    {
      "question_id": 5,
      "question_type": "MCQ",
      "question": "Which mark is used at the end of a question?",
      "options": [
        {
          "option_id": 1,
          "text": "?",
          "is_correct": true
        },
        {
          "option_id": 2,
          "text": ".",
          "is_correct": false
        },
        {
          "option_id": 3,
          "text": "!",
          "is_correct": false
        },
        {
          "option_id": 4,
          "text": ",",
          "is_correct": false
        }
      ],
      "answer": "?"
    },
    {
      "question_id": 6,
      "question_type": "MCQ",
      "question": "Which is a correct sentence? (30-6)",
      "options": [
        {
          "option_id": 1,
          "text": "I like apples.",
          "is_correct": true
        },
        {
          "option_id": 2,
          "text": "I apples like.",
          "is_correct": false
        },
        {
          "option_id": 3,
          "text": "Like I apples.",
          "is_correct": false
        },
        {
          "option_id": 4,
          "text": "Apples like I.",
          "is_correct": false
        }
      ],
      "answer": "I like apples."
    },
    {
      "question_id": 7,
      "question_type": "MCQ",
      "question": "Which sentence has a full stop? (30-7)",
      "options": [
        {
          "option_id": 1,
          "text": "I run.",
          "is_correct": true
        },
        {
          "option_id": 2,
          "text": "I run",
          "is_correct": false
        },
        {
          "option_id": 3,
          "text": "I run?",
          "is_correct": false
        },
        {
          "option_id": 4,
          "text": "I run!",
          "is_correct": false
        }
      ],
      "answer": "I run."
    },
    {
      "question_id": 8,
      "question_type": "MCQ",
      "question": "Which sentence asks a question? (30-8)",
      "options": [
        {
          "option_id": 1,
          "text": "Where are you?",
          "is_correct": true
        },
        {
          "option_id": 2,
          "text": "I am here.",
          "is_correct": false
        },
        {
          "option_id": 3,
          "text": "I run.",
          "is_correct": false
        },
        {
          "option_id": 4,
          "text": "She sings.",
          "is_correct": false
        }
      ],
      "answer": "Where are you?"
    },
    {
      "question_id": 9,
      "question_type": "MCQ",
      "question": "Which sentence shows feeling? (30-9)",
      "options": [
        {
          "option_id": 1,
          "text": "Wow!",
          "is_correct": true
        },
        {
          "option_id": 2,
          "text": "I run.",
          "is_correct": false
        },
        {
          "option_id": 3,
          "text": "This is a pen.",
          "is_correct": false
        },
        {
          "option_id": 4,
          "text": "I eat.",
          "is_correct": false
        }
      ],
      "answer": "Wow!"
    },
    {
      "question_id": 10,
      "question_type": "MCQ",
      "question": "Which mark is used at the end of a question? (30-10)",
      "options": [
        {
          "option_id": 1,
          "text": "?",
          "is_correct": true
        },
        {
          "option_id": 2,
          "text": ".",
          "is_correct": false
        },
        {
          "option_id": 3,
          "text": "!",
          "is_correct": false
        },
        {
          "option_id": 4,
          "text": ",",
          "is_correct": false
        }
      ],
      "answer": "?"
    },
    {
      "question_id": 11,
      "question_type": "MCQ",
      "question": "Which is a correct sentence? (30-11)",
      "options": [
        {
          "option_id": 1,
          "text": "I like apples.",
          "is_correct": true
        },
        {
          "option_id": 2,
          "text": "I apples like.",
          "is_correct": false
        },
        {
          "option_id": 3,
          "text": "Like I apples.",
          "is_correct": false
        },
        {
          "option_id": 4,
          "text": "Apples like I.",
          "is_correct": false
        }
      ],
      "answer": "I like apples."
    },
    {
      "question_id": 12,
      "question_type": "MCQ",
      "question": "Which sentence has a full stop? (30-12)",
      "options": [
        {
          "option_id": 1,
          "text": "I run.",
          "is_correct": true
        },
        {
          "option_id": 2,
          "text": "I run",
          "is_correct": false
        },
        {
          "option_id": 3,
          "text": "I run?",
          "is_correct": false
        },
        {
          "option_id": 4,
          "text": "I run!",
          "is_correct": false
        }
      ],
      "answer": "I run."
    },
    {
      "question_id": 13,
      "question_type": "MCQ",
      "question": "Which sentence asks a question? (30-13)",
      "options": [
        {
          "option_id": 1,
          "text": "Where are you?",
          "is_correct": true
        },
        {
          "option_id": 2,
          "text": "I am here.",
          "is_correct": false
        },
        {
          "option_id": 3,
          "text": "I run.",
          "is_correct": false
        },
        {
          "option_id": 4,
          "text": "She sings.",
          "is_correct": false
        }
      ],
      "answer": "Where are you?"
    },
    {
      "question_id": 14,
      "question_type": "MCQ",
      "question": "Which sentence shows feeling? (30-14)",
      "options": [
        {
          "option_id": 1,
          "text": "Wow!",
          "is_correct": true
        },
        {
          "option_id": 2,
          "text": "I run.",
          "is_correct": false
        },
        {
          "option_id": 3,
          "text": "This is a pen.",
          "is_correct": false
        },
        {
          "option_id": 4,
          "text": "I eat.",
          "is_correct": false
        }
      ],
      "answer": "Wow!"
    },
    {
      "question_id": 15,
      "question_type": "MCQ",
      "question": "Which mark is used at the end of a question? (30-15)",
      "options": [
        {
          "option_id": 1,
          "text": "?",
          "is_correct": true
        },
        {
          "option_id": 2,
          "text": ".",
          "is_correct": false
        },
        {
          "option_id": 3,
          "text": "!",
          "is_correct": false
        },
        {
          "option_id": 4,
          "text": ",",
          "is_correct": false
        }
      ],
      "answer": "?"
    },
    {
      "question_id": 16,
      "question_type": "SHORT",
      "question": "What is a sentence?",
      "answer": "A sentence is a group of words that gives complete meaning."
    },
    {
      "question_id": 17,
      "question_type": "SHORT",
      "question": "What mark is used at the end of a sentence?",
      "answer": "A full stop is used at the end of a sentence."
    },
    {
      "question_id": 18,
      "question_type": "SHORT",
      "question": "What mark is used in a question?",
      "answer": "A question mark is used in a question."
    },
    {
      "question_id": 19,
      "question_type": "SHORT",
      "question": "Write one correct sentence.",
      "answer": "I like apples."
    },
    {
      "question_id": 20,
      "question_type": "SHORT",
      "question": "Why do we use punctuation?",
      "answer": "We use punctuation to make sentences clear."
    },
    {
      "question_id": 21,
      "question_type": "SHORT",
      "question": "What is a sentence? (30-6)",
      "answer": "A sentence is a group of words that gives complete meaning."
    },
    {
      "question_id": 22,
      "question_type": "SHORT",
      "question": "What mark is used at the end of a sentence? (30-7)",
      "answer": "A full stop is used at the end of a sentence."
    },
    {
      "question_id": 23,
      "question_type": "SHORT",
      "question": "What mark is used in a question? (30-8)",
      "answer": "A question mark is used in a question."
    },
    {
      "question_id": 24,
      "question_type": "SHORT",
      "question": "Write one correct sentence. (30-9)",
      "answer": "I like apples."
    },
    {
      "question_id": 25,
      "question_type": "SHORT",
      "question": "Why do we use punctuation? (30-10)",
      "answer": "We use punctuation to make sentences clear."
    },
    {
      "question_id": 26,
      "question_type": "SHORT",
      "question": "What is a sentence? (30-11)",
      "answer": "A sentence is a group of words that gives complete meaning."
    },
    {
      "question_id": 27,
      "question_type": "SHORT",
      "question": "What mark is used at the end of a sentence? (30-12)",
      "answer": "A full stop is used at the end of a sentence."
    },
    {
      "question_id": 28,
      "question_type": "SHORT",
      "question": "What mark is used in a question? (30-13)",
      "answer": "A question mark is used in a question."
    },
    {
      "question_id": 29,
      "question_type": "SHORT",
      "question": "Write one correct sentence. (30-14)",
      "answer": "I like apples."
    },
    {
      "question_id": 30,
      "question_type": "SHORT",
      "question": "Why do we use punctuation? (30-15)",
      "answer": "We use punctuation to make sentences clear."
    }
  ]
}