{
  "chapter_metadata": {
    "chapter_id": "03.Marathi.56",
    "standard": "3",
    "subject": "English",
    "medium": "Marathi",
    "chapter_name": "Matching Parts"
  },
  "questions": [
    {
      "question_id": 1,
      "question_type": "MCQ",
      "question": "What are the children doing in the picture?",
      "options": [
        {
          "option_id": 1,
          "text": "Playing with a ball",
          "is_correct": true
        },
        {
          "option_id": 2,
          "text": "Sleeping",
          "is_correct": false
        },
        {
          "option_id": 3,
          "text": "Reading",
          "is_correct": false
        },
        {
          "option_id": 4,
          "text": "Eating",
          "is_correct": false
        }
      ],
      "answer": "Playing with a ball"
    },
    {
      "question_id": 2,
      "question_type": "MCQ",
      "question": "What is the coconut doing?",
      "options": [
        {
          "option_id": 1,
          "text": "Falling from a tree",
          "is_correct": true
        },
        {
          "option_id": 2,
          "text": "Growing on the ground",
          "is_correct": false
        },
        {
          "option_id": 3,
          "text": "Being cut",
          "is_correct": false
        },
        {
          "option_id": 4,
          "text": "Being cooked",
          "is_correct": false
        }
      ],
      "answer": "Falling from a tree"
    },
    {
      "question_id": 3,
      "question_type": "MCQ",
      "question": "What are the girls doing?",
      "options": [
        {
          "option_id": 1,
          "text": "Climbing a hill",
          "is_correct": true
        },
        {
          "option_id": 2,
          "text": "Running",
          "is_correct": false
        },
        {
          "option_id": 3,
          "text": "Sitting",
          "is_correct": false
        },
        {
          "option_id": 4,
          "text": "Cooking",
          "is_correct": false
        }
      ],
      "answer": "Climbing a hill"
    },
    {
      "question_id": 4,
      "question_type": "MCQ",
      "question": "What is the monkey doing?",
      "options": [
        {
          "option_id": 1,
          "text": "Swinging from a branch",
          "is_correct": true
        },
        {
          "option_id": 2,
          "text": "Sleeping",
          "is_correct": false
        },
        {
          "option_id": 3,
          "text": "Eating",
          "is_correct": false
        },
        {
          "option_id": 4,
          "text": "Swimming",
          "is_correct": false
        }
      ],
      "answer": "Swinging from a branch"
    },
    {
      "question_id": 5,
      "question_type": "MCQ",
      "question": "What are the boys doing?",
      "options": [
        {
          "option_id": 1,
          "text": "Running to the wall",
          "is_correct": true
        },
        {
          "option_id": 2,
          "text": "Climbing a tree",
          "is_correct": false
        },
        {
          "option_id": 3,
          "text": "Reading",
          "is_correct": false
        },
        {
          "option_id": 4,
          "text": "Dancing",
          "is_correct": false
        }
      ],
      "answer": "Running to the wall"
    },
    {
      "question_id": 6,
      "question_type": "MCQ",
      "question": "What are the children doing in the picture?",
      "options": [
        {
          "option_id": 1,
          "text": "Playing with a ball",
          "is_correct": true
        },
        {
          "option_id": 2,
          "text": "Sleeping",
          "is_correct": false
        },
        {
          "option_id": 3,
          "text": "Reading",
          "is_correct": false
        },
        {
          "option_id": 4,
          "text": "Eating",
          "is_correct": false
        }
      ],
      "answer": "Playing with a ball"
    },
    {
      "question_id": 7,
      "question_type": "MCQ",
      "question": "What is the coconut doing?",
      "options": [
        {
          "option_id": 1,
          "text": "Falling from a tree",
          "is_correct": true
        },
        {
          "option_id": 2,
          "text": "Growing on the ground",
          "is_correct": false
        },
        {
          "option_id": 3,
          "text": "Being cut",
          "is_correct": false
        },
        {
          "option_id": 4,
          "text": "Being cooked",
          "is_correct": false
        }
      ],
      "answer": "Falling from a tree"
    },
    {
      "question_id": 8,
      "question_type": "MCQ",
      "question": "What are the girls doing?",
      "options": [
        {
          "option_id": 1,
          "text": "Climbing a hill",
          "is_correct": true
        },
        {
          "option_id": 2,
          "text": "Running",
          "is_correct": false
        },
        {
          "option_id": 3,
          "text": "Sitting",
          "is_correct": false
        },
        {
          "option_id": 4,
          "text": "Cooking",
          "is_correct": false
        }
      ],
      "answer": "Climbing a hill"
    },
    {
      "question_id": 9,
      "question_type": "MCQ",
      "question": "What is the monkey doing?",
      "options": [
        {
          "option_id": 1,
          "text": "Swinging from a branch",
          "is_correct": true
        },
        {
          "option_id": 2,
          "text": "Sleeping",
          "is_correct": false
        },
        {
          "option_id": 3,
          "text": "Eating",
          "is_correct": false
        },
        {
          "option_id": 4,
          "text": "Swimming",
          "is_correct": false
        }
      ],
      "answer": "Swinging from a branch"
    },
    {
      "question_id": 10,
      "question_type": "MCQ",
      "question": "What are the boys doing?",
      "options": [
        {
          "option_id": 1,
          "text": "Running to the wall",
          "is_correct": true
        },
        {
          "option_id": 2,
          "text": "Climbing a tree",
          "is_correct": false
        },
        {
          "option_id": 3,
          "text": "Reading",
          "is_correct": false
        },
        {
          "option_id": 4,
          "text": "Dancing",
          "is_correct": false
        }
      ],
      "answer": "Running to the wall"
    },
    {
      "question_id": 11,
      "question_type": "MCQ",
      "question": "What are the children doing in the picture?",
      "options": [
        {
          "option_id": 1,
          "text": "Playing with a ball",
          "is_correct": true
        },
        {
          "option_id": 2,
          "text": "Sleeping",
          "is_correct": false
        },
        {
          "option_id": 3,
          "text": "Reading",
          "is_correct": false
        },
        {
          "option_id": 4,
          "text": "Eating",
          "is_correct": false
        }
      ],
      "answer": "Playing with a ball"
    },
    {
      "question_id": 12,
      "question_type": "MCQ",
      "question": "What is the coconut doing?",
      "options": [
        {
          "option_id": 1,
          "text": "Falling from a tree",
          "is_correct": true
        },
        {
          "option_id": 2,
          "text": "Growing on the ground",
          "is_correct": false
        },
        {
          "option_id": 3,
          "text": "Being cut",
          "is_correct": false
        },
        {
          "option_id": 4,
          "text": "Being cooked",
          "is_correct": false
        }
      ],
      "answer": "Falling from a tree"
    },
    {
      "question_id": 13,
      "question_type": "MCQ",
      "question": "What are the girls doing?",
      "options": [
        {
          "option_id": 1,
          "text": "Climbing a hill",
          "is_correct": true
        },
        {
          "option_id": 2,
          "text": "Running",
          "is_correct": false
        },
        {
          "option_id": 3,
          "text": "Sitting",
          "is_correct": false
        },
        {
          "option_id": 4,
          "text": "Cooking",
          "is_correct": false
        }
      ],
      "answer": "Climbing a hill"
    },
    {
      "question_id": 14,
      "question_type": "MCQ",
      "question": "What is the monkey doing?",
      "options": [
        {
          "option_id": 1,
          "text": "Swinging from a branch",
          "is_correct": true
        },
        {
          "option_id": 2,
          "text": "Sleeping",
          "is_correct": false
        },
        {
          "option_id": 3,
          "text": "Eating",
          "is_correct": false
        },
        {
          "option_id": 4,
          "text": "Swimming",
          "is_correct": false
        }
      ],
      "answer": "Swinging from a branch"
    },
    {
      "question_id": 15,
      "question_type": "MCQ",
      "question": "What are the boys doing?",
      "options": [
        {
          "option_id": 1,
          "text": "Running to the wall",
          "is_correct": true
        },
        {
          "option_id": 2,
          "text": "Climbing a tree",
          "is_correct": false
        },
        {
          "option_id": 3,
          "text": "Reading",
          "is_correct": false
        },
        {
          "option_id": 4,
          "text": "Dancing",
          "is_correct": false
        }
      ],
      "answer": "Running to the wall"
    },
    {
      "question_id": 16,
      "question_type": "SHORT",
      "question": "What are the children doing?",
      "answer": "They are playing with a ball."
    },
    {
      "question_id": 17,
      "question_type": "SHORT",
      "question": "What is the coconut doing?",
      "answer": "It is falling from a tree."
    },
    {
      "question_id": 18,
      "question_type": "SHORT",
      "question": "What are the girls doing?",
      "answer": "They are climbing a hill."
    },
    {
      "question_id": 19,
      "question_type": "SHORT",
      "question": "What is the monkey doing?",
      "answer": "It is swinging from a branch."
    },
    {
      "question_id": 20,
      "question_type": "SHORT",
      "question": "What are the boys doing?",
      "answer": "They are running to the wall."
    },
    {
      "question_id": 21,
      "question_type": "SHORT",
      "question": "What are the children doing?",
      "answer": "They are playing with a ball."
    },
    {
      "question_id": 22,
      "question_type": "SHORT",
      "question": "What is the coconut doing?",
      "answer": "It is falling from a tree."
    },
    {
      "question_id": 23,
      "question_type": "SHORT",
      "question": "What are the girls doing?",
      "answer": "They are climbing a hill."
    },
    {
      "question_id": 24,
      "question_type": "SHORT",
      "question": "What is the monkey doing?",
      "answer": "It is swinging from a branch."
    },
    {
      "question_id": 25,
      "question_type": "SHORT",
      "question": "What are the boys doing?",
      "answer": "They are running to the wall."
    },
    {
      "question_id": 26,
      "question_type": "SHORT",
      "question": "What are the children doing?",
      "answer": "They are playing with a ball."
    },
    {
      "question_id": 27,
      "question_type": "SHORT",
      "question": "What is the coconut doing?",
      "answer": "It is falling from a tree."
    },
    {
      "question_id": 28,
      "question_type": "SHORT",
      "question": "What are the girls doing?",
      "answer": "They are climbing a hill."
    },
    {
      "question_id": 29,
      "question_type": "SHORT",
      "question": "What is the monkey doing?",
      "answer": "It is swinging from a branch."
    },
    {
      "question_id": 30,
      "question_type": "SHORT",
      "question": "What are the boys doing?",
      "answer": "They are running to the wall."
    }
  ]
}