{
  "chapter_metadata": {
    "chapter_id": "03.ENG.MAR.21",
    "standard": "3",
    "subject": "Marathi Sulabhbharati",
    "medium": "English",
    "chapter_name": "दोस्त"
  },
  "questions": [
    {
      "question_id": 1,
      "question_type": "MCQ",
      "question": "'दोस्त' या कवितेत मुलाचा दोस्त कोण आहे?",
      "options": [
        {
          "option_id": 1,
          "text": "वासरू",
          "is_correct": true
        },
        {
          "option_id": 2,
          "text": "मुलगा",
          "is_correct": false
        },
        {
          "option_id": 3,
          "text": "पक्षी",
          "is_correct": false
        },
        {
          "option_id": 4,
          "text": "कुत्रा",
          "is_correct": false
        }
      ],
      "answer": "वासरू"
    },
    {
      "question_id": 2,
      "question_type": "MCQ",
      "question": "वासराचे नाव काय आहे?",
      "options": [
        {
          "option_id": 1,
          "text": "विकास",
          "is_correct": true
        },
        {
          "option_id": 2,
          "text": "राजू",
          "is_correct": false
        },
        {
          "option_id": 3,
          "text": "मोहन",
          "is_correct": false
        },
        {
          "option_id": 4,
          "text": "बंडू",
          "is_correct": false
        }
      ],
      "answer": "विकास"
    },
    {
      "question_id": 3,
      "question_type": "MCQ",
      "question": "मुलगा आणि वासरू काय करतात?",
      "options": [
        {
          "option_id": 1,
          "text": "खेळतात",
          "is_correct": true
        },
        {
          "option_id": 2,
          "text": "भांडतात",
          "is_correct": false
        },
        {
          "option_id": 3,
          "text": "दुर्लक्ष करतात",
          "is_correct": false
        },
        {
          "option_id": 4,
          "text": "लपतात",
          "is_correct": false
        }
      ],
      "answer": "खेळतात"
    },
    {
      "question_id": 4,
      "question_type": "MCQ",
      "question": "कवितेत कोणती भावना दिसते?",
      "options": [
        {
          "option_id": 1,
          "text": "मैत्री",
          "is_correct": true
        },
        {
          "option_id": 2,
          "text": "राग",
          "is_correct": false
        },
        {
          "option_id": 3,
          "text": "भीती",
          "is_correct": false
        },
        {
          "option_id": 4,
          "text": "दु:ख",
          "is_correct": false
        }
      ],
      "answer": "मैत्री"
    },
    {
      "question_id": 5,
      "question_type": "MCQ",
      "question": "'दोस्त' ही कविता कशावर आधारित आहे?",
      "options": [
        {
          "option_id": 1,
          "text": "मैत्री",
          "is_correct": true
        },
        {
          "option_id": 2,
          "text": "प्रवास",
          "is_correct": false
        },
        {
          "option_id": 3,
          "text": "अभ्यास",
          "is_correct": false
        },
        {
          "option_id": 4,
          "text": "खेळ",
          "is_correct": false
        }
      ],
      "answer": "मैत्री"
    },
    {
      "question_id": 6,
      "question_type": "MCQ",
      "question": "'दोस्त' या कवितेत मुलाचा दोस्त कोण आहे?",
      "options": [
        {
          "option_id": 1,
          "text": "वासरू",
          "is_correct": true
        },
        {
          "option_id": 2,
          "text": "मुलगा",
          "is_correct": false
        },
        {
          "option_id": 3,
          "text": "पक्षी",
          "is_correct": false
        },
        {
          "option_id": 4,
          "text": "कुत्रा",
          "is_correct": false
        }
      ],
      "answer": "वासरू"
    },
    {
      "question_id": 7,
      "question_type": "MCQ",
      "question": "वासराचे नाव काय आहे?",
      "options": [
        {
          "option_id": 1,
          "text": "विकास",
          "is_correct": true
        },
        {
          "option_id": 2,
          "text": "राजू",
          "is_correct": false
        },
        {
          "option_id": 3,
          "text": "मोहन",
          "is_correct": false
        },
        {
          "option_id": 4,
          "text": "बंडू",
          "is_correct": false
        }
      ],
      "answer": "विकास"
    },
    {
      "question_id": 8,
      "question_type": "MCQ",
      "question": "मुलगा आणि वासरू काय करतात?",
      "options": [
        {
          "option_id": 1,
          "text": "खेळतात",
          "is_correct": true
        },
        {
          "option_id": 2,
          "text": "भांडतात",
          "is_correct": false
        },
        {
          "option_id": 3,
          "text": "दुर्लक्ष करतात",
          "is_correct": false
        },
        {
          "option_id": 4,
          "text": "लपतात",
          "is_correct": false
        }
      ],
      "answer": "खेळतात"
    },
    {
      "question_id": 9,
      "question_type": "MCQ",
      "question": "कवितेत कोणती भावना दिसते?",
      "options": [
        {
          "option_id": 1,
          "text": "मैत्री",
          "is_correct": true
        },
        {
          "option_id": 2,
          "text": "राग",
          "is_correct": false
        },
        {
          "option_id": 3,
          "text": "भीती",
          "is_correct": false
        },
        {
          "option_id": 4,
          "text": "दु:ख",
          "is_correct": false
        }
      ],
      "answer": "मैत्री"
    },
    {
      "question_id": 10,
      "question_type": "MCQ",
      "question": "'दोस्त' ही कविता कशावर आधारित आहे?",
      "options": [
        {
          "option_id": 1,
          "text": "मैत्री",
          "is_correct": true
        },
        {
          "option_id": 2,
          "text": "प्रवास",
          "is_correct": false
        },
        {
          "option_id": 3,
          "text": "अभ्यास",
          "is_correct": false
        },
        {
          "option_id": 4,
          "text": "खेळ",
          "is_correct": false
        }
      ],
      "answer": "मैत्री"
    },
    {
      "question_id": 11,
      "question_type": "MCQ",
      "question": "'दोस्त' या कवितेत मुलाचा दोस्त कोण आहे?",
      "options": [
        {
          "option_id": 1,
          "text": "वासरू",
          "is_correct": true
        },
        {
          "option_id": 2,
          "text": "मुलगा",
          "is_correct": false
        },
        {
          "option_id": 3,
          "text": "पक्षी",
          "is_correct": false
        },
        {
          "option_id": 4,
          "text": "कुत्रा",
          "is_correct": false
        }
      ],
      "answer": "वासरू"
    },
    {
      "question_id": 12,
      "question_type": "MCQ",
      "question": "वासराचे नाव काय आहे?",
      "options": [
        {
          "option_id": 1,
          "text": "विकास",
          "is_correct": true
        },
        {
          "option_id": 2,
          "text": "राजू",
          "is_correct": false
        },
        {
          "option_id": 3,
          "text": "मोहन",
          "is_correct": false
        },
        {
          "option_id": 4,
          "text": "बंडू",
          "is_correct": false
        }
      ],
      "answer": "विकास"
    },
    {
      "question_id": 13,
      "question_type": "MCQ",
      "question": "मुलगा आणि वासरू काय करतात?",
      "options": [
        {
          "option_id": 1,
          "text": "खेळतात",
          "is_correct": true
        },
        {
          "option_id": 2,
          "text": "भांडतात",
          "is_correct": false
        },
        {
          "option_id": 3,
          "text": "दुर्लक्ष करतात",
          "is_correct": false
        },
        {
          "option_id": 4,
          "text": "लपतात",
          "is_correct": false
        }
      ],
      "answer": "खेळतात"
    },
    {
      "question_id": 14,
      "question_type": "MCQ",
      "question": "कवितेत कोणती भावना दिसते?",
      "options": [
        {
          "option_id": 1,
          "text": "मैत्री",
          "is_correct": true
        },
        {
          "option_id": 2,
          "text": "राग",
          "is_correct": false
        },
        {
          "option_id": 3,
          "text": "भीती",
          "is_correct": false
        },
        {
          "option_id": 4,
          "text": "दु:ख",
          "is_correct": false
        }
      ],
      "answer": "मैत्री"
    },
    {
      "question_id": 15,
      "question_type": "MCQ",
      "question": "'दोस्त' ही कविता कशावर आधारित आहे?",
      "options": [
        {
          "option_id": 1,
          "text": "मैत्री",
          "is_correct": true
        },
        {
          "option_id": 2,
          "text": "प्रवास",
          "is_correct": false
        },
        {
          "option_id": 3,
          "text": "अभ्यास",
          "is_correct": false
        },
        {
          "option_id": 4,
          "text": "खेळ",
          "is_correct": false
        }
      ],
      "answer": "मैत्री"
    },
    {
      "question_id": 16,
      "question_type": "MCQ",
      "question": "'दोस्त' या कवितेत मुलाचा दोस्त कोण आहे?",
      "options": [
        {
          "option_id": 1,
          "text": "वासरू",
          "is_correct": true
        },
        {
          "option_id": 2,
          "text": "मुलगा",
          "is_correct": false
        },
        {
          "option_id": 3,
          "text": "पक्षी",
          "is_correct": false
        },
        {
          "option_id": 4,
          "text": "कुत्रा",
          "is_correct": false
        }
      ],
      "answer": "वासरू"
    },
    {
      "question_id": 17,
      "question_type": "MCQ",
      "question": "वासराचे नाव काय आहे?",
      "options": [
        {
          "option_id": 1,
          "text": "विकास",
          "is_correct": true
        },
        {
          "option_id": 2,
          "text": "राजू",
          "is_correct": false
        },
        {
          "option_id": 3,
          "text": "मोहन",
          "is_correct": false
        },
        {
          "option_id": 4,
          "text": "बंडू",
          "is_correct": false
        }
      ],
      "answer": "विकास"
    },
    {
      "question_id": 18,
      "question_type": "MCQ",
      "question": "मुलगा आणि वासरू काय करतात?",
      "options": [
        {
          "option_id": 1,
          "text": "खेळतात",
          "is_correct": true
        },
        {
          "option_id": 2,
          "text": "भांडतात",
          "is_correct": false
        },
        {
          "option_id": 3,
          "text": "दुर्लक्ष करतात",
          "is_correct": false
        },
        {
          "option_id": 4,
          "text": "लपतात",
          "is_correct": false
        }
      ],
      "answer": "खेळतात"
    },
    {
      "question_id": 19,
      "question_type": "MCQ",
      "question": "कवितेत कोणती भावना दिसते?",
      "options": [
        {
          "option_id": 1,
          "text": "मैत्री",
          "is_correct": true
        },
        {
          "option_id": 2,
          "text": "राग",
          "is_correct": false
        },
        {
          "option_id": 3,
          "text": "भीती",
          "is_correct": false
        },
        {
          "option_id": 4,
          "text": "दु:ख",
          "is_correct": false
        }
      ],
      "answer": "मैत्री"
    },
    {
      "question_id": 20,
      "question_type": "MCQ",
      "question": "'दोस्त' ही कविता कशावर आधारित आहे?",
      "options": [
        {
          "option_id": 1,
          "text": "मैत्री",
          "is_correct": true
        },
        {
          "option_id": 2,
          "text": "प्रवास",
          "is_correct": false
        },
        {
          "option_id": 3,
          "text": "अभ्यास",
          "is_correct": false
        },
        {
          "option_id": 4,
          "text": "खेळ",
          "is_correct": false
        }
      ],
      "answer": "मैत्री"
    },
    {
      "question_id": 21,
      "question_type": "SHORT",
      "question": "'दोस्त' ही कविता कशाबद्दल आहे?",
      "answer": "ही कविता मुलगा आणि वासरू यांच्यातील मैत्रीबद्दल आहे."
    },
    {
      "question_id": 22,
      "question_type": "SHORT",
      "question": "मुलाचा दोस्त कोण आहे?",
      "answer": "मुलाचा दोस्त वासरू आहे."
    },
    {
      "question_id": 23,
      "question_type": "SHORT",
      "question": "कवितेत मैत्री कशी दाखवली आहे?",
      "answer": "खेळ, काळजी आणि प्रेमातून मैत्री दाखवली आहे."
    },
    {
      "question_id": 24,
      "question_type": "SHORT",
      "question": "या कवितेचा संदेश काय आहे?",
      "answer": "प्रेम आणि मैत्रीचे महत्त्व सांगितले आहे."
    },
    {
      "question_id": 25,
      "question_type": "SHORT",
      "question": "'दोस्त' ही कविता कशाबद्दल आहे?",
      "answer": "ही कविता मुलगा आणि वासरू यांच्यातील मैत्रीबद्दल आहे."
    },
    {
      "question_id": 26,
      "question_type": "SHORT",
      "question": "मुलाचा दोस्त कोण आहे?",
      "answer": "मुलाचा दोस्त वासरू आहे."
    },
    {
      "question_id": 27,
      "question_type": "SHORT",
      "question": "कवितेत मैत्री कशी दाखवली आहे?",
      "answer": "खेळ, काळजी आणि प्रेमातून मैत्री दाखवली आहे."
    },
    {
      "question_id": 28,
      "question_type": "SHORT",
      "question": "या कवितेचा संदेश काय आहे?",
      "answer": "प्रेम आणि मैत्रीचे महत्त्व सांगितले आहे."
    },
    {
      "question_id": 29,
      "question_type": "SHORT",
      "question": "'दोस्त' ही कविता कशाबद्दल आहे?",
      "answer": "ही कविता मुलगा आणि वासरू यांच्यातील मैत्रीबद्दल आहे."
    },
    {
      "question_id": 30,
      "question_type": "SHORT",
      "question": "मुलाचा दोस्त कोण आहे?",
      "answer": "मुलाचा दोस्त वासरू आहे."
    },
    {
      "question_id": 31,
      "question_type": "SHORT",
      "question": "कवितेत मैत्री कशी दाखवली आहे?",
      "answer": "खेळ, काळजी आणि प्रेमातून मैत्री दाखवली आहे."
    },
    {
      "question_id": 32,
      "question_type": "SHORT",
      "question": "या कवितेचा संदेश काय आहे?",
      "answer": "प्रेम आणि मैत्रीचे महत्त्व सांगितले आहे."
    },
    {
      "question_id": 33,
      "question_type": "SHORT",
      "question": "'दोस्त' ही कविता कशाबद्दल आहे?",
      "answer": "ही कविता मुलगा आणि वासरू यांच्यातील मैत्रीबद्दल आहे."
    },
    {
      "question_id": 34,
      "question_type": "SHORT",
      "question": "मुलाचा दोस्त कोण आहे?",
      "answer": "मुलाचा दोस्त वासरू आहे."
    },
    {
      "question_id": 35,
      "question_type": "SHORT",
      "question": "कवितेत मैत्री कशी दाखवली आहे?",
      "answer": "खेळ, काळजी आणि प्रेमातून मैत्री दाखवली आहे."
    },
    {
      "question_id": 36,
      "question_type": "SHORT",
      "question": "या कवितेचा संदेश काय आहे?",
      "answer": "प्रेम आणि मैत्रीचे महत्त्व सांगितले आहे."
    },
    {
      "question_id": 37,
      "question_type": "SHORT",
      "question": "'दोस्त' ही कविता कशाबद्दल आहे?",
      "answer": "ही कविता मुलगा आणि वासरू यांच्यातील मैत्रीबद्दल आहे."
    },
    {
      "question_id": 38,
      "question_type": "SHORT",
      "question": "मुलाचा दोस्त कोण आहे?",
      "answer": "मुलाचा दोस्त वासरू आहे."
    },
    {
      "question_id": 39,
      "question_type": "SHORT",
      "question": "कवितेत मैत्री कशी दाखवली आहे?",
      "answer": "खेळ, काळजी आणि प्रेमातून मैत्री दाखवली आहे."
    },
    {
      "question_id": 40,
      "question_type": "SHORT",
      "question": "या कवितेचा संदेश काय आहे?",
      "answer": "प्रेम आणि मैत्रीचे महत्त्व सांगितले आहे."
    },
    {
      "question_id": 41,
      "question_type": "SHORT",
      "question": "'दोस्त' ही कविता कशाबद्दल आहे?",
      "answer": "ही कविता मुलगा आणि वासरू यांच्यातील मैत्रीबद्दल आहे."
    },
    {
      "question_id": 42,
      "question_type": "SHORT",
      "question": "मुलाचा दोस्त कोण आहे?",
      "answer": "मुलाचा दोस्त वासरू आहे."
    },
    {
      "question_id": 43,
      "question_type": "SHORT",
      "question": "कवितेत मैत्री कशी दाखवली आहे?",
      "answer": "खेळ, काळजी आणि प्रेमातून मैत्री दाखवली आहे."
    },
    {
      "question_id": 44,
      "question_type": "SHORT",
      "question": "या कवितेचा संदेश काय आहे?",
      "answer": "प्रेम आणि मैत्रीचे महत्त्व सांगितले आहे."
    }
  ]
}