{
  "chapter_metadata": {
    "chapter_id": "03.ENG.MAR.19",
    "standard": "3",
    "subject": "Marathi Sulabhbharati",
    "medium": "English",
    "chapter_name": "सुगी (कविता)"
  },
  "questions": [
    {
      "question_id": 1,
      "question_type": "MCQ",
      "question": "'सुगी' या कवितेत कोणत्या ऋतूबद्दल सांगितले आहे?",
      "options": [
        {
          "option_id": 1,
          "text": "हिवाळा",
          "is_correct": true
        },
        {
          "option_id": 2,
          "text": "उन्हाळा",
          "is_correct": false
        },
        {
          "option_id": 3,
          "text": "पावसाळा",
          "is_correct": false
        },
        {
          "option_id": 4,
          "text": "वसंत",
          "is_correct": false
        }
      ],
      "answer": "हिवाळा"
    },
    {
      "question_id": 2,
      "question_type": "MCQ",
      "question": "सुगी आल्यावर शेतात काय दिसते?",
      "options": [
        {
          "option_id": 1,
          "text": "पीक",
          "is_correct": true
        },
        {
          "option_id": 2,
          "text": "पाणी",
          "is_correct": false
        },
        {
          "option_id": 3,
          "text": "बर्फ",
          "is_correct": false
        },
        {
          "option_id": 4,
          "text": "फुले",
          "is_correct": false
        }
      ],
      "answer": "पीक"
    },
    {
      "question_id": 3,
      "question_type": "MCQ",
      "question": "कवितेत शेतकरी काय करताना दाखवले आहेत?",
      "options": [
        {
          "option_id": 1,
          "text": "पीक कापताना",
          "is_correct": true
        },
        {
          "option_id": 2,
          "text": "झोपताना",
          "is_correct": false
        },
        {
          "option_id": 3,
          "text": "प्रवास करताना",
          "is_correct": false
        },
        {
          "option_id": 4,
          "text": "खेळताना",
          "is_correct": false
        }
      ],
      "answer": "पीक कापताना"
    },
    {
      "question_id": 4,
      "question_type": "MCQ",
      "question": "सुगीमुळे लोकांना कसे वाटते?",
      "options": [
        {
          "option_id": 1,
          "text": "आनंद",
          "is_correct": true
        },
        {
          "option_id": 2,
          "text": "दु:ख",
          "is_correct": false
        },
        {
          "option_id": 3,
          "text": "भीती",
          "is_correct": false
        },
        {
          "option_id": 4,
          "text": "राग",
          "is_correct": false
        }
      ],
      "answer": "आनंद"
    },
    {
      "question_id": 5,
      "question_type": "MCQ",
      "question": "ही कविता कशावर आधारित आहे?",
      "options": [
        {
          "option_id": 1,
          "text": "शेती आणि निसर्ग",
          "is_correct": true
        },
        {
          "option_id": 2,
          "text": "शहरजीवन",
          "is_correct": false
        },
        {
          "option_id": 3,
          "text": "खेळ",
          "is_correct": false
        },
        {
          "option_id": 4,
          "text": "शाळा",
          "is_correct": false
        }
      ],
      "answer": "शेती आणि निसर्ग"
    },
    {
      "question_id": 6,
      "question_type": "MCQ",
      "question": "'सुगी' या कवितेत कोणत्या ऋतूबद्दल सांगितले आहे?",
      "options": [
        {
          "option_id": 1,
          "text": "हिवाळा",
          "is_correct": true
        },
        {
          "option_id": 2,
          "text": "उन्हाळा",
          "is_correct": false
        },
        {
          "option_id": 3,
          "text": "पावसाळा",
          "is_correct": false
        },
        {
          "option_id": 4,
          "text": "वसंत",
          "is_correct": false
        }
      ],
      "answer": "हिवाळा"
    },
    {
      "question_id": 7,
      "question_type": "MCQ",
      "question": "सुगी आल्यावर शेतात काय दिसते?",
      "options": [
        {
          "option_id": 1,
          "text": "पीक",
          "is_correct": true
        },
        {
          "option_id": 2,
          "text": "पाणी",
          "is_correct": false
        },
        {
          "option_id": 3,
          "text": "बर्फ",
          "is_correct": false
        },
        {
          "option_id": 4,
          "text": "फुले",
          "is_correct": false
        }
      ],
      "answer": "पीक"
    },
    {
      "question_id": 8,
      "question_type": "MCQ",
      "question": "कवितेत शेतकरी काय करताना दाखवले आहेत?",
      "options": [
        {
          "option_id": 1,
          "text": "पीक कापताना",
          "is_correct": true
        },
        {
          "option_id": 2,
          "text": "झोपताना",
          "is_correct": false
        },
        {
          "option_id": 3,
          "text": "प्रवास करताना",
          "is_correct": false
        },
        {
          "option_id": 4,
          "text": "खेळताना",
          "is_correct": false
        }
      ],
      "answer": "पीक कापताना"
    },
    {
      "question_id": 9,
      "question_type": "MCQ",
      "question": "सुगीमुळे लोकांना कसे वाटते?",
      "options": [
        {
          "option_id": 1,
          "text": "आनंद",
          "is_correct": true
        },
        {
          "option_id": 2,
          "text": "दु:ख",
          "is_correct": false
        },
        {
          "option_id": 3,
          "text": "भीती",
          "is_correct": false
        },
        {
          "option_id": 4,
          "text": "राग",
          "is_correct": false
        }
      ],
      "answer": "आनंद"
    },
    {
      "question_id": 10,
      "question_type": "MCQ",
      "question": "ही कविता कशावर आधारित आहे?",
      "options": [
        {
          "option_id": 1,
          "text": "शेती आणि निसर्ग",
          "is_correct": true
        },
        {
          "option_id": 2,
          "text": "शहरजीवन",
          "is_correct": false
        },
        {
          "option_id": 3,
          "text": "खेळ",
          "is_correct": false
        },
        {
          "option_id": 4,
          "text": "शाळा",
          "is_correct": false
        }
      ],
      "answer": "शेती आणि निसर्ग"
    },
    {
      "question_id": 11,
      "question_type": "MCQ",
      "question": "'सुगी' या कवितेत कोणत्या ऋतूबद्दल सांगितले आहे?",
      "options": [
        {
          "option_id": 1,
          "text": "हिवाळा",
          "is_correct": true
        },
        {
          "option_id": 2,
          "text": "उन्हाळा",
          "is_correct": false
        },
        {
          "option_id": 3,
          "text": "पावसाळा",
          "is_correct": false
        },
        {
          "option_id": 4,
          "text": "वसंत",
          "is_correct": false
        }
      ],
      "answer": "हिवाळा"
    },
    {
      "question_id": 12,
      "question_type": "MCQ",
      "question": "सुगी आल्यावर शेतात काय दिसते?",
      "options": [
        {
          "option_id": 1,
          "text": "पीक",
          "is_correct": true
        },
        {
          "option_id": 2,
          "text": "पाणी",
          "is_correct": false
        },
        {
          "option_id": 3,
          "text": "बर्फ",
          "is_correct": false
        },
        {
          "option_id": 4,
          "text": "फुले",
          "is_correct": false
        }
      ],
      "answer": "पीक"
    },
    {
      "question_id": 13,
      "question_type": "MCQ",
      "question": "कवितेत शेतकरी काय करताना दाखवले आहेत?",
      "options": [
        {
          "option_id": 1,
          "text": "पीक कापताना",
          "is_correct": true
        },
        {
          "option_id": 2,
          "text": "झोपताना",
          "is_correct": false
        },
        {
          "option_id": 3,
          "text": "प्रवास करताना",
          "is_correct": false
        },
        {
          "option_id": 4,
          "text": "खेळताना",
          "is_correct": false
        }
      ],
      "answer": "पीक कापताना"
    },
    {
      "question_id": 14,
      "question_type": "MCQ",
      "question": "सुगीमुळे लोकांना कसे वाटते?",
      "options": [
        {
          "option_id": 1,
          "text": "आनंद",
          "is_correct": true
        },
        {
          "option_id": 2,
          "text": "दु:ख",
          "is_correct": false
        },
        {
          "option_id": 3,
          "text": "भीती",
          "is_correct": false
        },
        {
          "option_id": 4,
          "text": "राग",
          "is_correct": false
        }
      ],
      "answer": "आनंद"
    },
    {
      "question_id": 15,
      "question_type": "MCQ",
      "question": "ही कविता कशावर आधारित आहे?",
      "options": [
        {
          "option_id": 1,
          "text": "शेती आणि निसर्ग",
          "is_correct": true
        },
        {
          "option_id": 2,
          "text": "शहरजीवन",
          "is_correct": false
        },
        {
          "option_id": 3,
          "text": "खेळ",
          "is_correct": false
        },
        {
          "option_id": 4,
          "text": "शाळा",
          "is_correct": false
        }
      ],
      "answer": "शेती आणि निसर्ग"
    },
    {
      "question_id": 16,
      "question_type": "MCQ",
      "question": "'सुगी' या कवितेत कोणत्या ऋतूबद्दल सांगितले आहे?",
      "options": [
        {
          "option_id": 1,
          "text": "हिवाळा",
          "is_correct": true
        },
        {
          "option_id": 2,
          "text": "उन्हाळा",
          "is_correct": false
        },
        {
          "option_id": 3,
          "text": "पावसाळा",
          "is_correct": false
        },
        {
          "option_id": 4,
          "text": "वसंत",
          "is_correct": false
        }
      ],
      "answer": "हिवाळा"
    },
    {
      "question_id": 17,
      "question_type": "MCQ",
      "question": "सुगी आल्यावर शेतात काय दिसते?",
      "options": [
        {
          "option_id": 1,
          "text": "पीक",
          "is_correct": true
        },
        {
          "option_id": 2,
          "text": "पाणी",
          "is_correct": false
        },
        {
          "option_id": 3,
          "text": "बर्फ",
          "is_correct": false
        },
        {
          "option_id": 4,
          "text": "फुले",
          "is_correct": false
        }
      ],
      "answer": "पीक"
    },
    {
      "question_id": 18,
      "question_type": "MCQ",
      "question": "कवितेत शेतकरी काय करताना दाखवले आहेत?",
      "options": [
        {
          "option_id": 1,
          "text": "पीक कापताना",
          "is_correct": true
        },
        {
          "option_id": 2,
          "text": "झोपताना",
          "is_correct": false
        },
        {
          "option_id": 3,
          "text": "प्रवास करताना",
          "is_correct": false
        },
        {
          "option_id": 4,
          "text": "खेळताना",
          "is_correct": false
        }
      ],
      "answer": "पीक कापताना"
    },
    {
      "question_id": 19,
      "question_type": "MCQ",
      "question": "सुगीमुळे लोकांना कसे वाटते?",
      "options": [
        {
          "option_id": 1,
          "text": "आनंद",
          "is_correct": true
        },
        {
          "option_id": 2,
          "text": "दु:ख",
          "is_correct": false
        },
        {
          "option_id": 3,
          "text": "भीती",
          "is_correct": false
        },
        {
          "option_id": 4,
          "text": "राग",
          "is_correct": false
        }
      ],
      "answer": "आनंद"
    },
    {
      "question_id": 20,
      "question_type": "MCQ",
      "question": "ही कविता कशावर आधारित आहे?",
      "options": [
        {
          "option_id": 1,
          "text": "शेती आणि निसर्ग",
          "is_correct": true
        },
        {
          "option_id": 2,
          "text": "शहरजीवन",
          "is_correct": false
        },
        {
          "option_id": 3,
          "text": "खेळ",
          "is_correct": false
        },
        {
          "option_id": 4,
          "text": "शाळा",
          "is_correct": false
        }
      ],
      "answer": "शेती आणि निसर्ग"
    },
    {
      "question_id": 21,
      "question_type": "SHORT",
      "question": "'सुगी' ही कविता कशाबद्दल आहे?",
      "answer": "ही कविता सुगीचा काळ आणि शेतकऱ्यांच्या आनंदाबद्दल आहे."
    },
    {
      "question_id": 22,
      "question_type": "SHORT",
      "question": "सुगी म्हणजे काय?",
      "answer": "पीक तयार होऊन कापणीचा काळ म्हणजे सुगी."
    },
    {
      "question_id": 23,
      "question_type": "SHORT",
      "question": "कवितेत कोणते दृश्य दिसते?",
      "answer": "शेतात पीक, शेतकरी आणि आनंदी वातावरण दिसते."
    },
    {
      "question_id": 24,
      "question_type": "SHORT",
      "question": "या कवितेचा मुख्य संदेश काय आहे?",
      "answer": "मेहनतीचे फळ आनंद देतं हा संदेश आहे."
    },
    {
      "question_id": 25,
      "question_type": "SHORT",
      "question": "'सुगी' ही कविता कशाबद्दल आहे?",
      "answer": "ही कविता सुगीचा काळ आणि शेतकऱ्यांच्या आनंदाबद्दल आहे."
    },
    {
      "question_id": 26,
      "question_type": "SHORT",
      "question": "सुगी म्हणजे काय?",
      "answer": "पीक तयार होऊन कापणीचा काळ म्हणजे सुगी."
    },
    {
      "question_id": 27,
      "question_type": "SHORT",
      "question": "कवितेत कोणते दृश्य दिसते?",
      "answer": "शेतात पीक, शेतकरी आणि आनंदी वातावरण दिसते."
    },
    {
      "question_id": 28,
      "question_type": "SHORT",
      "question": "या कवितेचा मुख्य संदेश काय आहे?",
      "answer": "मेहनतीचे फळ आनंद देतं हा संदेश आहे."
    },
    {
      "question_id": 29,
      "question_type": "SHORT",
      "question": "'सुगी' ही कविता कशाबद्दल आहे?",
      "answer": "ही कविता सुगीचा काळ आणि शेतकऱ्यांच्या आनंदाबद्दल आहे."
    },
    {
      "question_id": 30,
      "question_type": "SHORT",
      "question": "सुगी म्हणजे काय?",
      "answer": "पीक तयार होऊन कापणीचा काळ म्हणजे सुगी."
    },
    {
      "question_id": 31,
      "question_type": "SHORT",
      "question": "कवितेत कोणते दृश्य दिसते?",
      "answer": "शेतात पीक, शेतकरी आणि आनंदी वातावरण दिसते."
    },
    {
      "question_id": 32,
      "question_type": "SHORT",
      "question": "या कवितेचा मुख्य संदेश काय आहे?",
      "answer": "मेहनतीचे फळ आनंद देतं हा संदेश आहे."
    },
    {
      "question_id": 33,
      "question_type": "SHORT",
      "question": "'सुगी' ही कविता कशाबद्दल आहे?",
      "answer": "ही कविता सुगीचा काळ आणि शेतकऱ्यांच्या आनंदाबद्दल आहे."
    },
    {
      "question_id": 34,
      "question_type": "SHORT",
      "question": "सुगी म्हणजे काय?",
      "answer": "पीक तयार होऊन कापणीचा काळ म्हणजे सुगी."
    },
    {
      "question_id": 35,
      "question_type": "SHORT",
      "question": "कवितेत कोणते दृश्य दिसते?",
      "answer": "शेतात पीक, शेतकरी आणि आनंदी वातावरण दिसते."
    },
    {
      "question_id": 36,
      "question_type": "SHORT",
      "question": "या कवितेचा मुख्य संदेश काय आहे?",
      "answer": "मेहनतीचे फळ आनंद देतं हा संदेश आहे."
    },
    {
      "question_id": 37,
      "question_type": "SHORT",
      "question": "'सुगी' ही कविता कशाबद्दल आहे?",
      "answer": "ही कविता सुगीचा काळ आणि शेतकऱ्यांच्या आनंदाबद्दल आहे."
    },
    {
      "question_id": 38,
      "question_type": "SHORT",
      "question": "सुगी म्हणजे काय?",
      "answer": "पीक तयार होऊन कापणीचा काळ म्हणजे सुगी."
    },
    {
      "question_id": 39,
      "question_type": "SHORT",
      "question": "कवितेत कोणते दृश्य दिसते?",
      "answer": "शेतात पीक, शेतकरी आणि आनंदी वातावरण दिसते."
    },
    {
      "question_id": 40,
      "question_type": "SHORT",
      "question": "या कवितेचा मुख्य संदेश काय आहे?",
      "answer": "मेहनतीचे फळ आनंद देतं हा संदेश आहे."
    },
    {
      "question_id": 41,
      "question_type": "SHORT",
      "question": "'सुगी' ही कविता कशाबद्दल आहे?",
      "answer": "ही कविता सुगीचा काळ आणि शेतकऱ्यांच्या आनंदाबद्दल आहे."
    },
    {
      "question_id": 42,
      "question_type": "SHORT",
      "question": "सुगी म्हणजे काय?",
      "answer": "पीक तयार होऊन कापणीचा काळ म्हणजे सुगी."
    },
    {
      "question_id": 43,
      "question_type": "SHORT",
      "question": "कवितेत कोणते दृश्य दिसते?",
      "answer": "शेतात पीक, शेतकरी आणि आनंदी वातावरण दिसते."
    },
    {
      "question_id": 44,
      "question_type": "SHORT",
      "question": "या कवितेचा मुख्य संदेश काय आहे?",
      "answer": "मेहनतीचे फळ आनंद देतं हा संदेश आहे."
    }
  ]
}