{
  "chapter_metadata": {
    "chapter_id": "03.ENG.MAR.06",
    "standard": "3",
    "subject": "Marathi Sulabhbharati",
    "medium": "English",
    "chapter_name": "एकेकांशी बोला"
  },
  "questions": [
    {
      "question_id": 1,
      "question_type": "MCQ",
      "question": "'एकेकांशी बोला' या धड्यात काय करायला सांगितले आहे?",
      "options": [
        {
          "option_id": 1,
          "text": "एकमेकांशी बोलणे",
          "is_correct": true
        },
        {
          "option_id": 2,
          "text": "कविता म्हणणे",
          "is_correct": false
        },
        {
          "option_id": 3,
          "text": "कथा लिहिणे",
          "is_correct": false
        },
        {
          "option_id": 4,
          "text": "चित्र काढणे",
          "is_correct": false
        }
      ],
      "answer": "एकमेकांशी बोलणे"
    },
    {
      "question_id": 2,
      "question_type": "MCQ",
      "question": "एकेकांशी बोलताना कसे बोलावे?",
      "options": [
        {
          "option_id": 1,
          "text": "शांतपणे",
          "is_correct": true
        },
        {
          "option_id": 2,
          "text": "ओरडून",
          "is_correct": false
        },
        {
          "option_id": 3,
          "text": "रागाने",
          "is_correct": false
        },
        {
          "option_id": 4,
          "text": "घाईघाईने",
          "is_correct": false
        }
      ],
      "answer": "शांतपणे"
    },
    {
      "question_id": 3,
      "question_type": "MCQ",
      "question": "एकमेकांशी बोलताना कोणती गोष्ट महत्त्वाची आहे?",
      "options": [
        {
          "option_id": 1,
          "text": "ऐकणे",
          "is_correct": true
        },
        {
          "option_id": 2,
          "text": "ओरडणे",
          "is_correct": false
        },
        {
          "option_id": 3,
          "text": "दुर्लक्ष करणे",
          "is_correct": false
        },
        {
          "option_id": 4,
          "text": "हसणे",
          "is_correct": false
        }
      ],
      "answer": "ऐकणे"
    },
    {
      "question_id": 4,
      "question_type": "MCQ",
      "question": "बोलताना शब्द कसे असावेत?",
      "options": [
        {
          "option_id": 1,
          "text": "सोपे आणि स्पष्ट",
          "is_correct": true
        },
        {
          "option_id": 2,
          "text": "कठीण",
          "is_correct": false
        },
        {
          "option_id": 3,
          "text": "असभ्य",
          "is_correct": false
        },
        {
          "option_id": 4,
          "text": "गोंधळलेले",
          "is_correct": false
        }
      ],
      "answer": "सोपे आणि स्पष्ट"
    },
    {
      "question_id": 5,
      "question_type": "MCQ",
      "question": "एकेकांशी बोलल्याने कोणता गुण वाढतो?",
      "options": [
        {
          "option_id": 1,
          "text": "आत्मविश्वास",
          "is_correct": true
        },
        {
          "option_id": 2,
          "text": "आळस",
          "is_correct": false
        },
        {
          "option_id": 3,
          "text": "राग",
          "is_correct": false
        },
        {
          "option_id": 4,
          "text": "भीती",
          "is_correct": false
        }
      ],
      "answer": "आत्मविश्वास"
    },
    {
      "question_id": 6,
      "question_type": "MCQ",
      "question": "संवाद करताना कोणती सवय चांगली आहे?",
      "options": [
        {
          "option_id": 1,
          "text": "समोरच्याचे ऐकणे",
          "is_correct": true
        },
        {
          "option_id": 2,
          "text": "मध्येच बोलणे",
          "is_correct": false
        },
        {
          "option_id": 3,
          "text": "ओरडणे",
          "is_correct": false
        },
        {
          "option_id": 4,
          "text": "गप्प बसणे",
          "is_correct": false
        }
      ],
      "answer": "समोरच्याचे ऐकणे"
    },
    {
      "question_id": 7,
      "question_type": "MCQ",
      "question": "एकमेकांशी बोलताना कसे वागावे?",
      "options": [
        {
          "option_id": 1,
          "text": "आदराने",
          "is_correct": true
        },
        {
          "option_id": 2,
          "text": "उद्धटपणे",
          "is_correct": false
        },
        {
          "option_id": 3,
          "text": "रागाने",
          "is_correct": false
        },
        {
          "option_id": 4,
          "text": "दुर्लक्ष करून",
          "is_correct": false
        }
      ],
      "answer": "आदराने"
    },
    {
      "question_id": 8,
      "question_type": "MCQ",
      "question": "संवाद केल्याने मैत्रीत काय वाढते?",
      "options": [
        {
          "option_id": 1,
          "text": "समज",
          "is_correct": true
        },
        {
          "option_id": 2,
          "text": "भांडण",
          "is_correct": false
        },
        {
          "option_id": 3,
          "text": "राग",
          "is_correct": false
        },
        {
          "option_id": 4,
          "text": "भीती",
          "is_correct": false
        }
      ],
      "answer": "समज"
    },
    {
      "question_id": 9,
      "question_type": "MCQ",
      "question": "एकेकांशी बोलताना काय टाळावे?",
      "options": [
        {
          "option_id": 1,
          "text": "भांडण",
          "is_correct": true
        },
        {
          "option_id": 2,
          "text": "शांत बोलणे",
          "is_correct": false
        },
        {
          "option_id": 3,
          "text": "ऐकणे",
          "is_correct": false
        },
        {
          "option_id": 4,
          "text": "हसणे",
          "is_correct": false
        }
      ],
      "answer": "भांडण"
    },
    {
      "question_id": 10,
      "question_type": "MCQ",
      "question": "हा धडा कोणत्या कौशल्यासाठी आहे?",
      "options": [
        {
          "option_id": 1,
          "text": "बोलण्याचे",
          "is_correct": true
        },
        {
          "option_id": 2,
          "text": "लिहिण्याचे",
          "is_correct": false
        },
        {
          "option_id": 3,
          "text": "गाण्याचे",
          "is_correct": false
        },
        {
          "option_id": 4,
          "text": "धावण्याचे",
          "is_correct": false
        }
      ],
      "answer": "बोलण्याचे"
    },
    {
      "question_id": 11,
      "question_type": "MCQ",
      "question": "संवाद करताना आवाज कसा असावा?",
      "options": [
        {
          "option_id": 1,
          "text": "मध्यम",
          "is_correct": true
        },
        {
          "option_id": 2,
          "text": "खूप मोठा",
          "is_correct": false
        },
        {
          "option_id": 3,
          "text": "खूप हळू",
          "is_correct": false
        },
        {
          "option_id": 4,
          "text": "रागीट",
          "is_correct": false
        }
      ],
      "answer": "मध्यम"
    },
    {
      "question_id": 12,
      "question_type": "MCQ",
      "question": "एकेकांशी बोलताना डोळ्यांत पाहणे का महत्त्वाचे आहे?",
      "options": [
        {
          "option_id": 1,
          "text": "आदर दाखवण्यासाठी",
          "is_correct": true
        },
        {
          "option_id": 2,
          "text": "भिती दाखवण्यासाठी",
          "is_correct": false
        },
        {
          "option_id": 3,
          "text": "राग दाखवण्यासाठी",
          "is_correct": false
        },
        {
          "option_id": 4,
          "text": "दुर्लक्ष करण्यासाठी",
          "is_correct": false
        }
      ],
      "answer": "आदर दाखवण्यासाठी"
    },
    {
      "question_id": 13,
      "question_type": "MCQ",
      "question": "संवाद करताना शरीरभाषा कशी असावी?",
      "options": [
        {
          "option_id": 1,
          "text": "सकारात्मक",
          "is_correct": true
        },
        {
          "option_id": 2,
          "text": "रागीट",
          "is_correct": false
        },
        {
          "option_id": 3,
          "text": "आळशी",
          "is_correct": false
        },
        {
          "option_id": 4,
          "text": "उदास",
          "is_correct": false
        }
      ],
      "answer": "सकारात्मक"
    },
    {
      "question_id": 14,
      "question_type": "MCQ",
      "question": "एकेकांशी बोलल्याने कोणते कौशल्य वाढते?",
      "options": [
        {
          "option_id": 1,
          "text": "संवाद कौशल्य",
          "is_correct": true
        },
        {
          "option_id": 2,
          "text": "खेळ कौशल्य",
          "is_correct": false
        },
        {
          "option_id": 3,
          "text": "चित्रकला",
          "is_correct": false
        },
        {
          "option_id": 4,
          "text": "गणित",
          "is_correct": false
        }
      ],
      "answer": "संवाद कौशल्य"
    },
    {
      "question_id": 15,
      "question_type": "MCQ",
      "question": "संवाद करताना प्रश्न का विचारावेत?",
      "options": [
        {
          "option_id": 1,
          "text": "समज वाढते",
          "is_correct": true
        },
        {
          "option_id": 2,
          "text": "वेळ जातो",
          "is_correct": false
        },
        {
          "option_id": 3,
          "text": "भांडण होते",
          "is_correct": false
        },
        {
          "option_id": 4,
          "text": "गोंधळ होतो",
          "is_correct": false
        }
      ],
      "answer": "समज वाढते"
    },
    {
      "question_id": 16,
      "question_type": "MCQ",
      "question": "एकमेकांशी बोलताना मध्येच बोलणे योग्य आहे का?",
      "options": [
        {
          "option_id": 1,
          "text": "नाही",
          "is_correct": true
        },
        {
          "option_id": 2,
          "text": "हो",
          "is_correct": false
        },
        {
          "option_id": 3,
          "text": "कधीही",
          "is_correct": false
        },
        {
          "option_id": 4,
          "text": "माहित नाही",
          "is_correct": false
        }
      ],
      "answer": "नाही"
    },
    {
      "question_id": 17,
      "question_type": "MCQ",
      "question": "संवाद करताना शब्दांची निवड कशी असावी?",
      "options": [
        {
          "option_id": 1,
          "text": "सभ्य",
          "is_correct": true
        },
        {
          "option_id": 2,
          "text": "कठोर",
          "is_correct": false
        },
        {
          "option_id": 3,
          "text": "असभ्य",
          "is_correct": false
        },
        {
          "option_id": 4,
          "text": "गोंधळलेली",
          "is_correct": false
        }
      ],
      "answer": "सभ्य"
    },
    {
      "question_id": 18,
      "question_type": "MCQ",
      "question": "एकेकांशी बोलल्याने वर्गात काय सुधारते?",
      "options": [
        {
          "option_id": 1,
          "text": "समज आणि शिस्त",
          "is_correct": true
        },
        {
          "option_id": 2,
          "text": "भांडण",
          "is_correct": false
        },
        {
          "option_id": 3,
          "text": "गोंधळ",
          "is_correct": false
        },
        {
          "option_id": 4,
          "text": "आळस",
          "is_correct": false
        }
      ],
      "answer": "समज आणि शिस्त"
    },
    {
      "question_id": 19,
      "question_type": "MCQ",
      "question": "हा धडा मुलांना काय शिकवतो?",
      "options": [
        {
          "option_id": 1,
          "text": "चांगला संवाद",
          "is_correct": true
        },
        {
          "option_id": 2,
          "text": "भांडण",
          "is_correct": false
        },
        {
          "option_id": 3,
          "text": "गप्प बसणे",
          "is_correct": false
        },
        {
          "option_id": 4,
          "text": "ओरडणे",
          "is_correct": false
        }
      ],
      "answer": "चांगला संवाद"
    },
    {
      "question_id": 20,
      "question_type": "MCQ",
      "question": "एकेकांशी बोलताना कोणता गुण आवश्यक आहे?",
      "options": [
        {
          "option_id": 1,
          "text": "संयम",
          "is_correct": true
        },
        {
          "option_id": 2,
          "text": "राग",
          "is_correct": false
        },
        {
          "option_id": 3,
          "text": "आळस",
          "is_correct": false
        },
        {
          "option_id": 4,
          "text": "भीती",
          "is_correct": false
        }
      ],
      "answer": "संयम"
    },
    {
      "question_id": 21,
      "question_type": "SHORT",
      "question": "'एकेकांशी बोला' या धड्यात काय शिकायला मिळते?",
      "answer": "या धड्यात एकमेकांशी नीट बोलायला शिकायला मिळते."
    },
    {
      "question_id": 22,
      "question_type": "SHORT",
      "question": "एकेकांशी बोलताना कसे बोलावे?",
      "answer": "एकेकांशी बोलताना शांतपणे बोलावे."
    },
    {
      "question_id": 23,
      "question_type": "SHORT",
      "question": "संवाद करताना ऐकणे का महत्त्वाचे आहे?",
      "answer": "ऐकल्यामुळे समोरच्याचे म्हणणे समजते."
    },
    {
      "question_id": 24,
      "question_type": "SHORT",
      "question": "बोलताना शब्द कसे असावेत?",
      "answer": "शब्द सोपे आणि स्पष्ट असावेत."
    },
    {
      "question_id": 25,
      "question_type": "SHORT",
      "question": "एकेकांशी बोलल्याने कोणता गुण वाढतो?",
      "answer": "एकेकांशी बोलल्याने आत्मविश्वास वाढतो."
    },
    {
      "question_id": 26,
      "question_type": "SHORT",
      "question": "संवाद करताना कसे वागावे?",
      "answer": "संवाद करताना आदराने वागावे."
    },
    {
      "question_id": 27,
      "question_type": "SHORT",
      "question": "एकमेकांशी बोलताना काय टाळावे?",
      "answer": "एकमेकांशी बोलताना भांडण टाळावे."
    },
    {
      "question_id": 28,
      "question_type": "SHORT",
      "question": "संवाद केल्याने मैत्रीत काय वाढते?",
      "answer": "संवाद केल्याने मैत्रीत समज वाढते."
    },
    {
      "question_id": 29,
      "question_type": "SHORT",
      "question": "संवाद करताना आवाज कसा असावा?",
      "answer": "आवाज मध्यम असावा."
    },
    {
      "question_id": 30,
      "question_type": "SHORT",
      "question": "एकेकांशी बोलताना डोळ्यांत पाहणे का आवश्यक आहे?",
      "answer": "यामुळे आदर आणि लक्ष दिसते."
    },
    {
      "question_id": 31,
      "question_type": "SHORT",
      "question": "संवाद करताना शरीरभाषा कशी असावी?",
      "answer": "संवाद करताना शरीरभाषा सकारात्मक असावी."
    },
    {
      "question_id": 32,
      "question_type": "SHORT",
      "question": "एकेकांशी बोलल्याने कोणते कौशल्य वाढते?",
      "answer": "एकेकांशी बोलल्याने संवाद कौशल्य वाढते."
    },
    {
      "question_id": 33,
      "question_type": "SHORT",
      "question": "संवाद करताना प्रश्न का विचारावेत?",
      "answer": "प्रश्न विचारल्याने समज वाढते."
    },
    {
      "question_id": 34,
      "question_type": "SHORT",
      "question": "एकमेकांशी बोलताना मध्येच बोलणे योग्य आहे का?",
      "answer": "नाही, मध्येच बोलणे योग्य नाही."
    },
    {
      "question_id": 35,
      "question_type": "SHORT",
      "question": "संवाद करताना शब्दांची निवड कशी असावी?",
      "answer": "शब्दांची निवड सभ्य असावी."
    },
    {
      "question_id": 36,
      "question_type": "SHORT",
      "question": "एकेकांशी बोलल्याने वर्गात काय सुधारते?",
      "answer": "वर्गात समज आणि शिस्त सुधारते."
    },
    {
      "question_id": 37,
      "question_type": "SHORT",
      "question": "हा धडा कोणासाठी उपयुक्त आहे?",
      "answer": "हा धडा सर्व मुलांसाठी उपयुक्त आहे."
    },
    {
      "question_id": 38,
      "question_type": "SHORT",
      "question": "संवाद करताना संयम का आवश्यक आहे?",
      "answer": "संयमामुळे संवाद नीट होतो."
    },
    {
      "question_id": 39,
      "question_type": "SHORT",
      "question": "एकेकांशी बोलताना राग का टाळावा?",
      "answer": "रागामुळे संवाद बिघडतो."
    },
    {
      "question_id": 40,
      "question_type": "SHORT",
      "question": "संवाद करताना समोरच्याचा आदर कसा करावा?",
      "answer": "शांतपणे ऐकून आणि नीट उत्तर देऊन."
    },
    {
      "question_id": 41,
      "question_type": "SHORT",
      "question": "एकेकांशी बोलताना काय लक्षात ठेवावे?",
      "answer": "एकमेकांचे म्हणणे नीट ऐकावे."
    },
    {
      "question_id": 42,
      "question_type": "SHORT",
      "question": "संवाद केल्याने कोणता फायदा होतो?",
      "answer": "संवाद केल्याने गैरसमज दूर होतात."
    },
    {
      "question_id": 43,
      "question_type": "SHORT",
      "question": "एकेकांशी बोलणे का महत्त्वाचे आहे?",
      "answer": "यामुळे संबंध चांगले राहतात."
    },
    {
      "question_id": 44,
      "question_type": "SHORT",
      "question": "हा धडा मुलांना काय शिकवतो?",
      "answer": "हा धडा चांगला संवाद शिकवतो."
    },
    {
      "question_id": 45,
      "question_type": "SHORT",
      "question": "तुम्ही एकेकांशी कसे बोलता?",
      "answer": "मी एकेकांशी शांतपणे आणि आदराने बोलतो."
    }
  ]
}