{
  "chapter_metadata": {
    "chapter_id": "03.ENG.MAR.08",
    "standard": "3",
    "subject": "Marathi Sulabhbharati",
    "medium": "English",
    "chapter_name": "चित्रकथा"
  },
  "questions": [
    {
      "question_id": 1,
      "question_type": "MCQ",
      "question": "'चित्रकथा' या धड्यात कशावर आधारित कथा असते?",
      "options": [
        {
          "option_id": 1,
          "text": "चित्रांवर",
          "is_correct": true
        },
        {
          "option_id": 2,
          "text": "कवितेवर",
          "is_correct": false
        },
        {
          "option_id": 3,
          "text": "गाण्यावर",
          "is_correct": false
        },
        {
          "option_id": 4,
          "text": "संवादावर",
          "is_correct": false
        }
      ],
      "answer": "चित्रांवर"
    },
    {
      "question_id": 2,
      "question_type": "MCQ",
      "question": "चित्रकथा समजून घेण्यासाठी प्रथम काय करावे?",
      "options": [
        {
          "option_id": 1,
          "text": "चित्र नीट पाहावे",
          "is_correct": true
        },
        {
          "option_id": 2,
          "text": "थेट कथा सांगावी",
          "is_correct": false
        },
        {
          "option_id": 3,
          "text": "चित्र रंगवावे",
          "is_correct": false
        },
        {
          "option_id": 4,
          "text": "चित्र झाकावे",
          "is_correct": false
        }
      ],
      "answer": "चित्र नीट पाहावे"
    },
    {
      "question_id": 3,
      "question_type": "MCQ",
      "question": "चित्रकथेत चित्रांचा क्रम का महत्त्वाचा आहे?",
      "options": [
        {
          "option_id": 1,
          "text": "कथा समजण्यासाठी",
          "is_correct": true
        },
        {
          "option_id": 2,
          "text": "वेळ घालवण्यासाठी",
          "is_correct": false
        },
        {
          "option_id": 3,
          "text": "चित्र सुंदर दिसण्यासाठी",
          "is_correct": false
        },
        {
          "option_id": 4,
          "text": "फक्त मजेसाठी",
          "is_correct": false
        }
      ],
      "answer": "कथा समजण्यासाठी"
    },
    {
      "question_id": 4,
      "question_type": "MCQ",
      "question": "चित्रकथेत काय दिसते?",
      "options": [
        {
          "option_id": 1,
          "text": "घटना आणि कृती",
          "is_correct": true
        },
        {
          "option_id": 2,
          "text": "फक्त रंग",
          "is_correct": false
        },
        {
          "option_id": 3,
          "text": "फक्त आकार",
          "is_correct": false
        },
        {
          "option_id": 4,
          "text": "फक्त अक्षरे",
          "is_correct": false
        }
      ],
      "answer": "घटना आणि कृती"
    },
    {
      "question_id": 5,
      "question_type": "MCQ",
      "question": "चित्रकथा वाचताना/पाहताना काय ओळखता येते?",
      "options": [
        {
          "option_id": 1,
          "text": "कथेचा क्रम",
          "is_correct": true
        },
        {
          "option_id": 2,
          "text": "फक्त चित्रकार",
          "is_correct": false
        },
        {
          "option_id": 3,
          "text": "फक्त रंगसंगती",
          "is_correct": false
        },
        {
          "option_id": 4,
          "text": "काहीच नाही",
          "is_correct": false
        }
      ],
      "answer": "कथेचा क्रम"
    },
    {
      "question_id": 6,
      "question_type": "MCQ",
      "question": "चित्रकथेत पात्रे कशी ओळखता येतात?",
      "options": [
        {
          "option_id": 1,
          "text": "चित्र पाहून",
          "is_correct": true
        },
        {
          "option_id": 2,
          "text": "नाव वाचून",
          "is_correct": false
        },
        {
          "option_id": 3,
          "text": "ऐकून",
          "is_correct": false
        },
        {
          "option_id": 4,
          "text": "अंदाजाने",
          "is_correct": false
        }
      ],
      "answer": "चित्र पाहून"
    },
    {
      "question_id": 7,
      "question_type": "MCQ",
      "question": "चित्रकथेत भावना कशा दाखवल्या जातात?",
      "options": [
        {
          "option_id": 1,
          "text": "चेहऱ्यावरील भावांनी",
          "is_correct": true
        },
        {
          "option_id": 2,
          "text": "फक्त शब्दांनी",
          "is_correct": false
        },
        {
          "option_id": 3,
          "text": "फक्त रंगांनी",
          "is_correct": false
        },
        {
          "option_id": 4,
          "text": "संख्यांनी",
          "is_correct": false
        }
      ],
      "answer": "चेहऱ्यावरील भावांनी"
    },
    {
      "question_id": 8,
      "question_type": "MCQ",
      "question": "चित्रकथेत संवाद कसा दाखवला जातो?",
      "options": [
        {
          "option_id": 1,
          "text": "कृतीतून",
          "is_correct": true
        },
        {
          "option_id": 2,
          "text": "फक्त लिहून",
          "is_correct": false
        },
        {
          "option_id": 3,
          "text": "ओरडून",
          "is_correct": false
        },
        {
          "option_id": 4,
          "text": "संकेतांनी नाही",
          "is_correct": false
        }
      ],
      "answer": "कृतीतून"
    },
    {
      "question_id": 9,
      "question_type": "MCQ",
      "question": "चित्रकथा पाहिल्याने कोणता गुण वाढतो?",
      "options": [
        {
          "option_id": 1,
          "text": "निरीक्षण",
          "is_correct": true
        },
        {
          "option_id": 2,
          "text": "आळस",
          "is_correct": false
        },
        {
          "option_id": 3,
          "text": "राग",
          "is_correct": false
        },
        {
          "option_id": 4,
          "text": "भीती",
          "is_correct": false
        }
      ],
      "answer": "निरीक्षण"
    },
    {
      "question_id": 10,
      "question_type": "MCQ",
      "question": "चित्रकथा मुलांसाठी का उपयुक्त आहे?",
      "options": [
        {
          "option_id": 1,
          "text": "समजायला सोपी असते",
          "is_correct": true
        },
        {
          "option_id": 2,
          "text": "खूप कठीण असते",
          "is_correct": false
        },
        {
          "option_id": 3,
          "text": "कंटाळवाणी असते",
          "is_correct": false
        },
        {
          "option_id": 4,
          "text": "निरुपयोगी असते",
          "is_correct": false
        }
      ],
      "answer": "समजायला सोपी असते"
    },
    {
      "question_id": 11,
      "question_type": "MCQ",
      "question": "चित्रकथेत सुरुवात कशी असते?",
      "options": [
        {
          "option_id": 1,
          "text": "पहिल्या चित्रातून",
          "is_correct": true
        },
        {
          "option_id": 2,
          "text": "शेवटच्या चित्रातून",
          "is_correct": false
        },
        {
          "option_id": 3,
          "text": "मध्येच",
          "is_correct": false
        },
        {
          "option_id": 4,
          "text": "कधीच नाही",
          "is_correct": false
        }
      ],
      "answer": "पहिल्या चित्रातून"
    },
    {
      "question_id": 12,
      "question_type": "MCQ",
      "question": "चित्रकथेचा शेवट कसा ओळखता येतो?",
      "options": [
        {
          "option_id": 1,
          "text": "शेवटच्या चित्रातून",
          "is_correct": true
        },
        {
          "option_id": 2,
          "text": "पहिल्या चित्रातून",
          "is_correct": false
        },
        {
          "option_id": 3,
          "text": "रंगावरून",
          "is_correct": false
        },
        {
          "option_id": 4,
          "text": "आवाजावरून",
          "is_correct": false
        }
      ],
      "answer": "शेवटच्या चित्रातून"
    },
    {
      "question_id": 13,
      "question_type": "MCQ",
      "question": "चित्रकथा पाहताना काय लक्षात ठेवावे?",
      "options": [
        {
          "option_id": 1,
          "text": "चित्रांचा क्रम",
          "is_correct": true
        },
        {
          "option_id": 2,
          "text": "फक्त रंग",
          "is_correct": false
        },
        {
          "option_id": 3,
          "text": "फक्त आकार",
          "is_correct": false
        },
        {
          "option_id": 4,
          "text": "फक्त नावे",
          "is_correct": false
        }
      ],
      "answer": "चित्रांचा क्रम"
    },
    {
      "question_id": 14,
      "question_type": "MCQ",
      "question": "चित्रकथेतून काय समजते?",
      "options": [
        {
          "option_id": 1,
          "text": "कथा",
          "is_correct": true
        },
        {
          "option_id": 2,
          "text": "गाणे",
          "is_correct": false
        },
        {
          "option_id": 3,
          "text": "कोडे",
          "is_correct": false
        },
        {
          "option_id": 4,
          "text": "नियम",
          "is_correct": false
        }
      ],
      "answer": "कथा"
    },
    {
      "question_id": 15,
      "question_type": "MCQ",
      "question": "चित्रकथेत वेळेचा क्रम कसा दाखवला जातो?",
      "options": [
        {
          "option_id": 1,
          "text": "चित्रांच्या क्रमाने",
          "is_correct": true
        },
        {
          "option_id": 2,
          "text": "शब्दांनी",
          "is_correct": false
        },
        {
          "option_id": 3,
          "text": "संख्यांनी",
          "is_correct": false
        },
        {
          "option_id": 4,
          "text": "आवाजाने",
          "is_correct": false
        }
      ],
      "answer": "चित्रांच्या क्रमाने"
    },
    {
      "question_id": 16,
      "question_type": "MCQ",
      "question": "चित्रकथा पाहिल्याने कोणते कौशल्य वाढते?",
      "options": [
        {
          "option_id": 1,
          "text": "विचार मांडणे",
          "is_correct": true
        },
        {
          "option_id": 2,
          "text": "धावणे",
          "is_correct": false
        },
        {
          "option_id": 3,
          "text": "गाणे",
          "is_correct": false
        },
        {
          "option_id": 4,
          "text": "मोजणे",
          "is_correct": false
        }
      ],
      "answer": "विचार मांडणे"
    },
    {
      "question_id": 17,
      "question_type": "MCQ",
      "question": "चित्रकथेतील कृती कशातून समजतात?",
      "options": [
        {
          "option_id": 1,
          "text": "चित्रांतून",
          "is_correct": true
        },
        {
          "option_id": 2,
          "text": "फक्त शब्दांतून",
          "is_correct": false
        },
        {
          "option_id": 3,
          "text": "फक्त आवाजातून",
          "is_correct": false
        },
        {
          "option_id": 4,
          "text": "अंदाजाने",
          "is_correct": false
        }
      ],
      "answer": "चित्रांतून"
    },
    {
      "question_id": 18,
      "question_type": "MCQ",
      "question": "चित्रकथा पाहताना घाई का करू नये?",
      "options": [
        {
          "option_id": 1,
          "text": "कथा नीट समजत नाही",
          "is_correct": true
        },
        {
          "option_id": 2,
          "text": "वेळ जातो",
          "is_correct": false
        },
        {
          "option_id": 3,
          "text": "चित्र खराब होते",
          "is_correct": false
        },
        {
          "option_id": 4,
          "text": "मजा येते",
          "is_correct": false
        }
      ],
      "answer": "कथा नीट समजत नाही"
    },
    {
      "question_id": 19,
      "question_type": "MCQ",
      "question": "चित्रकथा कोणत्या प्रकारचा धडा आहे?",
      "options": [
        {
          "option_id": 1,
          "text": "कथा आधारित",
          "is_correct": true
        },
        {
          "option_id": 2,
          "text": "गाणे आधारित",
          "is_correct": false
        },
        {
          "option_id": 3,
          "text": "व्याकरण",
          "is_correct": false
        },
        {
          "option_id": 4,
          "text": "गणित",
          "is_correct": false
        }
      ],
      "answer": "कथा आधारित"
    },
    {
      "question_id": 20,
      "question_type": "MCQ",
      "question": "चित्रकथेचा मुख्य उद्देश काय आहे?",
      "options": [
        {
          "option_id": 1,
          "text": "कथा समजून सांगणे",
          "is_correct": true
        },
        {
          "option_id": 2,
          "text": "चित्र काढणे",
          "is_correct": false
        },
        {
          "option_id": 3,
          "text": "रंग भरणे",
          "is_correct": false
        },
        {
          "option_id": 4,
          "text": "लिहिणे टाळणे",
          "is_correct": false
        }
      ],
      "answer": "कथा समजून सांगणे"
    },
    {
      "question_id": 21,
      "question_type": "SHORT",
      "question": "'चित्रकथा' म्हणजे काय?",
      "answer": "चित्रांच्या आधारे सांगितलेली कथा म्हणजे चित्रकथा."
    },
    {
      "question_id": 22,
      "question_type": "SHORT",
      "question": "चित्रकथा समजण्यासाठी काय करावे?",
      "answer": "चित्र नीट आणि क्रमाने पाहावे."
    },
    {
      "question_id": 23,
      "question_type": "SHORT",
      "question": "चित्रांचा क्रम का महत्त्वाचा आहे?",
      "answer": "क्रमामुळे कथा नीट समजते."
    },
    {
      "question_id": 24,
      "question_type": "SHORT",
      "question": "चित्रकथेत काय दाखवले जाते?",
      "answer": "चित्रकथेत घटना आणि कृती दाखवतात."
    },
    {
      "question_id": 25,
      "question_type": "SHORT",
      "question": "चित्रकथेत पात्रे कशी ओळखता येतात?",
      "answer": "चित्र पाहून पात्रे ओळखता येतात."
    },
    {
      "question_id": 26,
      "question_type": "SHORT",
      "question": "चित्रकथेत भावना कशा दिसतात?",
      "answer": "चेहऱ्यावरील भावांतून भावना दिसतात."
    },
    {
      "question_id": 27,
      "question_type": "SHORT",
      "question": "चित्रकथेत संवाद कसा समजतो?",
      "answer": "पात्रांच्या कृतीतून संवाद समजतो."
    },
    {
      "question_id": 28,
      "question_type": "SHORT",
      "question": "चित्रकथा पाहिल्याने कोणता गुण वाढतो?",
      "answer": "चित्रकथा पाहिल्याने निरीक्षण वाढते."
    },
    {
      "question_id": 29,
      "question_type": "SHORT",
      "question": "चित्रकथा मुलांसाठी का उपयुक्त आहे?",
      "answer": "ती सोपी आणि समजायला सोपी असते."
    },
    {
      "question_id": 30,
      "question_type": "SHORT",
      "question": "चित्रकथेची सुरुवात कशी ओळखता येते?",
      "answer": "पहिल्या चित्रावरून सुरुवात ओळखता येते."
    },
    {
      "question_id": 31,
      "question_type": "SHORT",
      "question": "चित्रकथेचा शेवट कसा ओळखता येतो?",
      "answer": "शेवटच्या चित्रावरून शेवट ओळखता येतो."
    },
    {
      "question_id": 32,
      "question_type": "SHORT",
      "question": "चित्रकथा पाहताना काय लक्षात ठेवावे?",
      "answer": "चित्रांचा क्रम लक्षात ठेवावा."
    },
    {
      "question_id": 33,
      "question_type": "SHORT",
      "question": "चित्रकथेतून काय शिकायला मिळते?",
      "answer": "कथा समजून सांगायला शिकायला मिळते."
    },
    {
      "question_id": 34,
      "question_type": "SHORT",
      "question": "चित्रकथेत वेळेचा क्रम कसा दिसतो?",
      "answer": "चित्रांच्या क्रमातून वेळेचा क्रम दिसतो."
    },
    {
      "question_id": 35,
      "question_type": "SHORT",
      "question": "चित्रकथा पाहिल्याने कोणते कौशल्य वाढते?",
      "answer": "विचार मांडण्याचे कौशल्य वाढते."
    },
    {
      "question_id": 36,
      "question_type": "SHORT",
      "question": "चित्रकथेतील कृती कशातून समजतात?",
      "answer": "चित्रांमधून कृती समजतात."
    },
    {
      "question_id": 37,
      "question_type": "SHORT",
      "question": "चित्रकथा पाहताना घाई का करू नये?",
      "answer": "घाई केल्यास कथा नीट समजत नाही."
    },
    {
      "question_id": 38,
      "question_type": "SHORT",
      "question": "चित्रकथा कोणत्या प्रकारचा धडा आहे?",
      "answer": "चित्रकथा हा कथा आधारित धडा आहे."
    },
    {
      "question_id": 39,
      "question_type": "SHORT",
      "question": "चित्रकथेचा मुख्य उद्देश काय आहे?",
      "answer": "कथा समजून सांगणे हा मुख्य उद्देश आहे."
    },
    {
      "question_id": 40,
      "question_type": "SHORT",
      "question": "चित्रकथा पाहून बोलताना कसे बोलावे?",
      "answer": "शांतपणे आणि स्पष्ट बोलावे."
    },
    {
      "question_id": 41,
      "question_type": "SHORT",
      "question": "चित्रकथा पाहताना काय टाळावे?",
      "answer": "घाई आणि गोंधळ टाळावा."
    },
    {
      "question_id": 42,
      "question_type": "SHORT",
      "question": "चित्रकथा पाहिल्याने आत्मविश्वास कसा वाढतो?",
      "answer": "बोलण्याचा सराव झाल्याने आत्मविश्वास वाढतो."
    },
    {
      "question_id": 43,
      "question_type": "SHORT",
      "question": "चित्रकथा पाहताना सर्व चित्रे का महत्त्वाची आहेत?",
      "answer": "सर्व चित्रांमुळे पूर्ण कथा समजते."
    },
    {
      "question_id": 44,
      "question_type": "SHORT",
      "question": "चित्रकथा पाहून कथा सांगताना काय लक्षात ठेवावे?",
      "answer": "कथेचा क्रम लक्षात ठेवावा."
    },
    {
      "question_id": 45,
      "question_type": "SHORT",
      "question": "तुम्हाला चित्रकथा का आवडते?",
      "answer": "ती पाहायला आणि समजायला सोपी असते म्हणून आवडते."
    }
  ]
}