{
  "chapter_metadata": {
    "chapter_id": "03.ENG.MAR.07",
    "standard": "3",
    "subject": "Marathi Sulabhbharati",
    "medium": "English",
    "chapter_name": "चला, मोड्या (गाणे)"
  },
  "questions": [
    {
      "question_id": 1,
      "question_type": "MCQ",
      "question": "'चला, मोड्या' या गाण्यात कशासाठी बोलावले आहे?",
      "options": [
        {
          "option_id": 1,
          "text": "खेळण्यासाठी",
          "is_correct": true
        },
        {
          "option_id": 2,
          "text": "भांडण्यासाठी",
          "is_correct": false
        },
        {
          "option_id": 3,
          "text": "झोपण्यासाठी",
          "is_correct": false
        },
        {
          "option_id": 4,
          "text": "लपण्यासाठी",
          "is_correct": false
        }
      ],
      "answer": "खेळण्यासाठी"
    },
    {
      "question_id": 2,
      "question_type": "MCQ",
      "question": "गाण्यात मुलांना काय करायला सांगितले आहे?",
      "options": [
        {
          "option_id": 1,
          "text": "मिळून खेळायला",
          "is_correct": true
        },
        {
          "option_id": 2,
          "text": "एकटे बसायला",
          "is_correct": false
        },
        {
          "option_id": 3,
          "text": "ओरडायला",
          "is_correct": false
        },
        {
          "option_id": 4,
          "text": "रागावायला",
          "is_correct": false
        }
      ],
      "answer": "मिळून खेळायला"
    },
    {
      "question_id": 3,
      "question_type": "MCQ",
      "question": "'चला' हा शब्द काय दर्शवतो?",
      "options": [
        {
          "option_id": 1,
          "text": "आमंत्रण",
          "is_correct": true
        },
        {
          "option_id": 2,
          "text": "नकार",
          "is_correct": false
        },
        {
          "option_id": 3,
          "text": "भीती",
          "is_correct": false
        },
        {
          "option_id": 4,
          "text": "दु:ख",
          "is_correct": false
        }
      ],
      "answer": "आमंत्रण"
    },
    {
      "question_id": 4,
      "question_type": "MCQ",
      "question": "गाण्याचा भाव कसा आहे?",
      "options": [
        {
          "option_id": 1,
          "text": "आनंदी",
          "is_correct": true
        },
        {
          "option_id": 2,
          "text": "दु:खी",
          "is_correct": false
        },
        {
          "option_id": 3,
          "text": "रागीट",
          "is_correct": false
        },
        {
          "option_id": 4,
          "text": "भितीदायक",
          "is_correct": false
        }
      ],
      "answer": "आनंदी"
    },
    {
      "question_id": 5,
      "question_type": "MCQ",
      "question": "गाण्यातील वातावरण कसे आहे?",
      "options": [
        {
          "option_id": 1,
          "text": "उत्साही",
          "is_correct": true
        },
        {
          "option_id": 2,
          "text": "उदास",
          "is_correct": false
        },
        {
          "option_id": 3,
          "text": "भीषण",
          "is_correct": false
        },
        {
          "option_id": 4,
          "text": "शांत",
          "is_correct": false
        }
      ],
      "answer": "उत्साही"
    },
    {
      "question_id": 6,
      "question_type": "MCQ",
      "question": "या गाण्यातून काय संदेश मिळतो?",
      "options": [
        {
          "option_id": 1,
          "text": "एकत्र खेळणे",
          "is_correct": true
        },
        {
          "option_id": 2,
          "text": "भांडण करणे",
          "is_correct": false
        },
        {
          "option_id": 3,
          "text": "एकटे राहणे",
          "is_correct": false
        },
        {
          "option_id": 4,
          "text": "काम टाळणे",
          "is_correct": false
        }
      ],
      "answer": "एकत्र खेळणे"
    },
    {
      "question_id": 7,
      "question_type": "MCQ",
      "question": "गाण्यातील शब्द कसे आहेत?",
      "options": [
        {
          "option_id": 1,
          "text": "सोपे आणि गोड",
          "is_correct": true
        },
        {
          "option_id": 2,
          "text": "कठीण",
          "is_correct": false
        },
        {
          "option_id": 3,
          "text": "असभ्य",
          "is_correct": false
        },
        {
          "option_id": 4,
          "text": "गोंधळलेले",
          "is_correct": false
        }
      ],
      "answer": "सोपे आणि गोड"
    },
    {
      "question_id": 8,
      "question_type": "MCQ",
      "question": "गाणे म्हणताना मुलांना कसे वाटते?",
      "options": [
        {
          "option_id": 1,
          "text": "आनंद वाटतो",
          "is_correct": true
        },
        {
          "option_id": 2,
          "text": "भीती वाटते",
          "is_correct": false
        },
        {
          "option_id": 3,
          "text": "राग येतो",
          "is_correct": false
        },
        {
          "option_id": 4,
          "text": "कंटाळा येतो",
          "is_correct": false
        }
      ],
      "answer": "आनंद वाटतो"
    },
    {
      "question_id": 9,
      "question_type": "MCQ",
      "question": "'मोड्या' हा शब्द कोणासाठी वापरला आहे?",
      "options": [
        {
          "option_id": 1,
          "text": "मुलांसाठी",
          "is_correct": true
        },
        {
          "option_id": 2,
          "text": "प्राण्यांसाठी",
          "is_correct": false
        },
        {
          "option_id": 3,
          "text": "मोठ्यांसाठी",
          "is_correct": false
        },
        {
          "option_id": 4,
          "text": "शिक्षकांसाठी",
          "is_correct": false
        }
      ],
      "answer": "मुलांसाठी"
    },
    {
      "question_id": 10,
      "question_type": "MCQ",
      "question": "हे गाणे कोणासाठी योग्य आहे?",
      "options": [
        {
          "option_id": 1,
          "text": "मुलांसाठी",
          "is_correct": true
        },
        {
          "option_id": 2,
          "text": "फक्त मोठ्यांसाठी",
          "is_correct": false
        },
        {
          "option_id": 3,
          "text": "फक्त शिक्षकांसाठी",
          "is_correct": false
        },
        {
          "option_id": 4,
          "text": "कोणासाठीही नाही",
          "is_correct": false
        }
      ],
      "answer": "मुलांसाठी"
    },
    {
      "question_id": 11,
      "question_type": "MCQ",
      "question": "गाणे गाताना कोणता गुण वाढतो?",
      "options": [
        {
          "option_id": 1,
          "text": "सहकार्य",
          "is_correct": true
        },
        {
          "option_id": 2,
          "text": "राग",
          "is_correct": false
        },
        {
          "option_id": 3,
          "text": "आळस",
          "is_correct": false
        },
        {
          "option_id": 4,
          "text": "भीती",
          "is_correct": false
        }
      ],
      "answer": "सहकार्य"
    },
    {
      "question_id": 12,
      "question_type": "MCQ",
      "question": "गाण्यामुळे मन कसे होते?",
      "options": [
        {
          "option_id": 1,
          "text": "आनंदी",
          "is_correct": true
        },
        {
          "option_id": 2,
          "text": "दु:खी",
          "is_correct": false
        },
        {
          "option_id": 3,
          "text": "रागीट",
          "is_correct": false
        },
        {
          "option_id": 4,
          "text": "भीतीचे",
          "is_correct": false
        }
      ],
      "answer": "आनंदी"
    },
    {
      "question_id": 13,
      "question_type": "MCQ",
      "question": "गाण्यातील कृती कशाशी संबंधित आहेत?",
      "options": [
        {
          "option_id": 1,
          "text": "खेळाशी",
          "is_correct": true
        },
        {
          "option_id": 2,
          "text": "अभ्यासाशी",
          "is_correct": false
        },
        {
          "option_id": 3,
          "text": "कामाशी",
          "is_correct": false
        },
        {
          "option_id": 4,
          "text": "भांडणाशी",
          "is_correct": false
        }
      ],
      "answer": "खेळाशी"
    },
    {
      "question_id": 14,
      "question_type": "MCQ",
      "question": "गाणे गाताना मुलांनी कसे वागावे?",
      "options": [
        {
          "option_id": 1,
          "text": "मिळून",
          "is_correct": true
        },
        {
          "option_id": 2,
          "text": "भांडून",
          "is_correct": false
        },
        {
          "option_id": 3,
          "text": "ओरडून",
          "is_correct": false
        },
        {
          "option_id": 4,
          "text": "दुर्लक्ष करून",
          "is_correct": false
        }
      ],
      "answer": "मिळून"
    },
    {
      "question_id": 15,
      "question_type": "MCQ",
      "question": "'चला, मोड्या' हे गाणे कशासाठी उपयुक्त आहे?",
      "options": [
        {
          "option_id": 1,
          "text": "उत्साह वाढवण्यासाठी",
          "is_correct": true
        },
        {
          "option_id": 2,
          "text": "राग वाढवण्यासाठी",
          "is_correct": false
        },
        {
          "option_id": 3,
          "text": "भीती वाढवण्यासाठी",
          "is_correct": false
        },
        {
          "option_id": 4,
          "text": "आळस वाढवण्यासाठी",
          "is_correct": false
        }
      ],
      "answer": "उत्साह वाढवण्यासाठी"
    },
    {
      "question_id": 16,
      "question_type": "MCQ",
      "question": "गाण्यातील कृती केल्याने काय वाढते?",
      "options": [
        {
          "option_id": 1,
          "text": "मैत्री",
          "is_correct": true
        },
        {
          "option_id": 2,
          "text": "भांडण",
          "is_correct": false
        },
        {
          "option_id": 3,
          "text": "दु:ख",
          "is_correct": false
        },
        {
          "option_id": 4,
          "text": "भीती",
          "is_correct": false
        }
      ],
      "answer": "मैत्री"
    },
    {
      "question_id": 17,
      "question_type": "MCQ",
      "question": "गाणे म्हणताना आवाज कसा असावा?",
      "options": [
        {
          "option_id": 1,
          "text": "आनंदी आणि स्पष्ट",
          "is_correct": true
        },
        {
          "option_id": 2,
          "text": "रागीट",
          "is_correct": false
        },
        {
          "option_id": 3,
          "text": "खूप मोठा",
          "is_correct": false
        },
        {
          "option_id": 4,
          "text": "खूप हळू",
          "is_correct": false
        }
      ],
      "answer": "आनंदी आणि स्पष्ट"
    },
    {
      "question_id": 18,
      "question_type": "MCQ",
      "question": "या गाण्याचा मुख्य विषय काय आहे?",
      "options": [
        {
          "option_id": 1,
          "text": "एकत्र खेळणे",
          "is_correct": true
        },
        {
          "option_id": 2,
          "text": "अभ्यास",
          "is_correct": false
        },
        {
          "option_id": 3,
          "text": "प्रवास",
          "is_correct": false
        },
        {
          "option_id": 4,
          "text": "काम",
          "is_correct": false
        }
      ],
      "answer": "एकत्र खेळणे"
    },
    {
      "question_id": 19,
      "question_type": "MCQ",
      "question": "गाणे गाताना कोणती भावना दिसते?",
      "options": [
        {
          "option_id": 1,
          "text": "उत्साह",
          "is_correct": true
        },
        {
          "option_id": 2,
          "text": "भीती",
          "is_correct": false
        },
        {
          "option_id": 3,
          "text": "राग",
          "is_correct": false
        },
        {
          "option_id": 4,
          "text": "दु:ख",
          "is_correct": false
        }
      ],
      "answer": "उत्साह"
    },
    {
      "question_id": 20,
      "question_type": "MCQ",
      "question": "हे गाणे मुलांना काय शिकवते?",
      "options": [
        {
          "option_id": 1,
          "text": "मिळून आनंद घेणे",
          "is_correct": true
        },
        {
          "option_id": 2,
          "text": "एकटे राहणे",
          "is_correct": false
        },
        {
          "option_id": 3,
          "text": "भांडण करणे",
          "is_correct": false
        },
        {
          "option_id": 4,
          "text": "गप्प बसणे",
          "is_correct": false
        }
      ],
      "answer": "मिळून आनंद घेणे"
    },
    {
      "question_id": 21,
      "question_type": "SHORT",
      "question": "'चला, मोड्या' या गाण्यात कशासाठी बोलावले आहे?",
      "answer": "या गाण्यात मुलांना मिळून खेळण्यासाठी बोलावले आहे."
    },
    {
      "question_id": 22,
      "question_type": "SHORT",
      "question": "गाण्याचा भाव कसा आहे?",
      "answer": "गाण्याचा भाव आनंदी आहे."
    },
    {
      "question_id": 23,
      "question_type": "SHORT",
      "question": "गाण्यातील वातावरण कसे आहे?",
      "answer": "गाण्यातील वातावरण उत्साही आहे."
    },
    {
      "question_id": 24,
      "question_type": "SHORT",
      "question": "'चला' हा शब्द काय दर्शवतो?",
      "answer": "'चला' हा शब्द आमंत्रण दर्शवतो."
    },
    {
      "question_id": 25,
      "question_type": "SHORT",
      "question": "गाण्यातील शब्द कसे आहेत?",
      "answer": "गाण्यातील शब्द सोपे आणि गोड आहेत."
    },
    {
      "question_id": 26,
      "question_type": "SHORT",
      "question": "गाणे म्हणताना मुलांना कसे वाटते?",
      "answer": "गाणे म्हणताना मुलांना आनंद वाटतो."
    },
    {
      "question_id": 27,
      "question_type": "SHORT",
      "question": "या गाण्यातून कोणता संदेश मिळतो?",
      "answer": "या गाण्यातून एकत्र खेळण्याचा संदेश मिळतो."
    },
    {
      "question_id": 28,
      "question_type": "SHORT",
      "question": "गाणे गाताना कोणता गुण वाढतो?",
      "answer": "गाणे गाताना सहकार्याचा गुण वाढतो."
    },
    {
      "question_id": 29,
      "question_type": "SHORT",
      "question": "गाण्यामुळे मन कसे होते?",
      "answer": "गाण्यामुळे मन आनंदी होते."
    },
    {
      "question_id": 30,
      "question_type": "SHORT",
      "question": "गाण्यातील कृती कशाशी संबंधित आहेत?",
      "answer": "गाण्यातील कृती खेळाशी संबंधित आहेत."
    },
    {
      "question_id": 31,
      "question_type": "SHORT",
      "question": "गाणे गाताना कसे वागावे?",
      "answer": "गाणे गाताना मिळून वागावे."
    },
    {
      "question_id": 32,
      "question_type": "SHORT",
      "question": "'मोड्या' हा शब्द कोणासाठी वापरला आहे?",
      "answer": "'मोड्या' हा शब्द मुलांसाठी वापरला आहे."
    },
    {
      "question_id": 33,
      "question_type": "SHORT",
      "question": "हे गाणे कोणासाठी योग्य आहे?",
      "answer": "हे गाणे मुलांसाठी योग्य आहे."
    },
    {
      "question_id": 34,
      "question_type": "SHORT",
      "question": "गाणे गाताना आवाज कसा असावा?",
      "answer": "आवाज आनंदी आणि स्पष्ट असावा."
    },
    {
      "question_id": 35,
      "question_type": "SHORT",
      "question": "गाण्याचा मुख्य विषय काय आहे?",
      "answer": "गाण्याचा मुख्य विषय एकत्र खेळणे आहे."
    },
    {
      "question_id": 36,
      "question_type": "SHORT",
      "question": "गाणे गाताना कोणती भावना दिसते?",
      "answer": "गाणे गाताना उत्साहाची भावना दिसते."
    },
    {
      "question_id": 37,
      "question_type": "SHORT",
      "question": "गाणे गाताना मैत्री कशी वाढते?",
      "answer": "मिळून गाणे गातल्याने मैत्री वाढते."
    },
    {
      "question_id": 38,
      "question_type": "SHORT",
      "question": "या गाण्यातून काय शिकायला मिळते?",
      "answer": "या गाण्यातून मिळून आनंद घेणे शिकायला मिळते."
    },
    {
      "question_id": 39,
      "question_type": "SHORT",
      "question": "गाणे गाताना शिस्त का आवश्यक आहे?",
      "answer": "शिस्त ठेवल्याने गाणे नीट होते."
    },
    {
      "question_id": 40,
      "question_type": "SHORT",
      "question": "गाण्यामुळे वर्गातील वातावरण कसे होते?",
      "answer": "गाण्यामुळे वर्गातील वातावरण आनंदी होते."
    },
    {
      "question_id": 41,
      "question_type": "SHORT",
      "question": "गाण्यातील शब्द लक्षात ठेवणे का सोपे असते?",
      "answer": "शब्द सोपे असल्यामुळे लक्षात ठेवणे सोपे असते."
    },
    {
      "question_id": 42,
      "question_type": "SHORT",
      "question": "गाणे गाताना हालचाल का करतात?",
      "answer": "हालचाल केल्याने गाणे अधिक मजेदार होते."
    },
    {
      "question_id": 43,
      "question_type": "SHORT",
      "question": "हे गाणे वाचल्यावर/गातल्यावर काय वाटते?",
      "answer": "हे गाणे गातल्यावर आनंद वाटतो."
    },
    {
      "question_id": 44,
      "question_type": "SHORT",
      "question": "गाणे गाताना सर्वांनी मिळून का गावे?",
      "answer": "सर्वांनी मिळून गाल्याने मजा येते."
    },
    {
      "question_id": 45,
      "question_type": "SHORT",
      "question": "तुम्हाला हे गाणे का आवडते?",
      "answer": "मला हे गाणे आनंदी असल्यामुळे आवडते."
    }
  ]
}